{"current":{"logo":"shopify:\/\/shop_images\/LOGO_CORDIA_180px40px_PRETO_PNG_1.png","logo_width":200,"favicon":"shopify:\/\/shop_images\/Secure-Gif.webp","type_header_font":"montserrat_n5","heading_scale":100,"type_body_font":"fahkwang_n4","body_scale":100,"page_width":1100,"spacing_sections":0,"spacing_grid_horizontal":8,"spacing_grid_vertical":8,"buttons_border_thickness":1,"buttons_border_opacity":100,"buttons_radius":12,"buttons_shadow_opacity":0,"buttons_shadow_horizontal_offset":0,"buttons_shadow_vertical_offset":4,"buttons_shadow_blur":5,"variant_pills_border_thickness":1,"variant_pills_border_opacity":55,"variant_pills_radius":10,"variant_pills_shadow_opacity":0,"variant_pills_shadow_horizontal_offset":0,"variant_pills_shadow_vertical_offset":4,"variant_pills_shadow_blur":5,"inputs_border_thickness":1,"inputs_border_opacity":55,"inputs_radius":10,"inputs_shadow_opacity":0,"inputs_shadow_horizontal_offset":0,"inputs_shadow_vertical_offset":4,"inputs_shadow_blur":5,"card_style":"card","card_image_padding":0,"card_text_alignment":"left","card_color_scheme":"background-1","card_border_thickness":0,"card_border_opacity":10,"card_corner_radius":10,"card_shadow_opacity":0,"card_shadow_horizontal_offset":0,"card_shadow_vertical_offset":4,"card_shadow_blur":5,"collection_card_style":"standard","collection_card_image_padding":0,"collection_card_text_alignment":"left","collection_card_color_scheme":"background-1","collection_card_border_thickness":0,"collection_card_border_opacity":10,"collection_card_corner_radius":10,"collection_card_shadow_opacity":0,"collection_card_shadow_horizontal_offset":0,"collection_card_shadow_vertical_offset":4,"collection_card_shadow_blur":5,"blog_card_style":"standard","blog_card_image_padding":0,"blog_card_text_alignment":"left","blog_card_color_scheme":"background-2","blog_card_border_thickness":0,"blog_card_border_opacity":10,"blog_card_corner_radius":10,"blog_card_shadow_opacity":0,"blog_card_shadow_horizontal_offset":0,"blog_card_shadow_vertical_offset":4,"blog_card_shadow_blur":5,"text_boxes_border_thickness":0,"text_boxes_border_opacity":10,"text_boxes_radius":10,"text_boxes_shadow_opacity":0,"text_boxes_shadow_horizontal_offset":0,"text_boxes_shadow_vertical_offset":4,"text_boxes_shadow_blur":5,"media_border_thickness":1,"media_border_opacity":5,"media_radius":10,"media_shadow_opacity":0,"media_shadow_horizontal_offset":0,"media_shadow_vertical_offset":0,"media_shadow_blur":5,"popup_border_thickness":1,"popup_border_opacity":10,"popup_corner_radius":10,"popup_shadow_opacity":5,"popup_shadow_horizontal_offset":0,"popup_shadow_vertical_offset":4,"popup_shadow_blur":5,"drawer_border_thickness":1,"drawer_border_opacity":10,"drawer_shadow_opacity":0,"drawer_shadow_horizontal_offset":0,"drawer_shadow_vertical_offset":4,"drawer_shadow_blur":5,"badge_position":"top left","badge_corner_radius":40,"sale_badge_color_scheme":"inverse","sold_out_badge_color_scheme":"inverse","brand_headline":"Escuchamos a nuestra comunidad para crear algo <strong>auténtico<\/strong>, con<strong> propósito<\/strong> y <strong>calidad real<\/strong>. CORDIA es para quienes eligen con <strong>criterio<\/strong>.","brand_image":"shopify:\/\/shop_images\/LOGO_CORDIA_180px40px_PRETO_PNG.png","brand_image_width":200,"sftwa_kmd":"002B3D60-25B4-4207-BB41-C372E526653C","social_facebook_link":"","social_instagram_link":"","social_youtube_link":"","social_tiktok_link":"","social_twitter_link":"","social_snapchat_link":"","social_pinterest_link":"","social_tumblr_link":"","social_vimeo_link":"","predictive_search_enabled":true,"predictive_search_show_vendor":false,"predictive_search_show_price":false,"currency_code_enabled":true,"cart_type":"notification","show_vendor":true,"show_cart_note":true,"cart_drawer_collection":"old-money","block_countries_enabled":false,"allowed_countries":"CL","ip_whitelist_1":"","sections":{"main-password-header":{"type":"main-password-header","settings":{"color_scheme":"background-1"}},"main-password-footer":{"type":"main-password-footer","settings":{"color_scheme":"background-1"}},"footer":{"type":"footer","settings":{"footer_info_contact_logo_enable":true,"footer_info_contact_logo":"shopify:\/\/shop_images\/LOGO_CORDIA_180px40px_PRETO_PNG_1.png","footer_info_contact_description_enable":true,"footer_info_contact_description":"Escuchamos a nuestra comunidad para crear algo <strong>auténtico<\/strong>, con<strong> propósito<\/strong> y <strong>calidad real<\/strong>. CORDIA es para quienes eligen con <strong>criterio<\/strong>.","footer_info_atencao_enable":true,"footer_info_atencao_txt":"<p>📞 Atención al cliente<\/p>","footer_info_horario_enable":true,"footer_info_horario":"Horario: Lunes - Sábado 09:00 - 20:00","footer_info_tel_enable":true,"footer_info_tel":"+56 9 4961-1421","footer_info_contact_service_enable":true,"footer_info_contact_service_email":"contacto@cordia.cl","footer_info_contact_address_enable":true,"footer_info_contact_address_txt":"Santiago, Región Metropolitana, Chile","footer_whatsapp_enable":false,"whatsapp_enable_full_width_btn":false,"whatsapp_btn_size":350,"whats_left_center":"right","whatsapp-button-text":"Compra vía WhatsApp","whatsapp-button-color-primary":"#323232","whatsapp-button-color-secondary":"#ffffff","whatsapp-phone-ddi":"55","whatsapp-phone-text":"00000000000","new_tab_whatsapp":true,"descwhats":"Me gustó [nombreproducto] en [enlaceproducto], deseo más información.","enable_menu_footer_01":true,"footer_menu_1_menu":"footer","footer_menu_1_title":"NUESTRAS POLÍTICAS","enable_menu_footer_02":true,"footer_menu_2_menu":"main-menu","footer_menu_2_title":"Acceso rapido","footer_selos_seguranca_title":"MÉTODOS DE PAGO","security_seals_show":false,"footer_security_seals_customized":"Link da imagem personalizada de selos de segurança","footer_formas_pagamento_title":"SEGURIDAD Y CALIDAD","payments_show":false,"footer_flags_cards_customized":"Link da imagem personalizada de formas de pagamento","footer_copyright_enable":false,"footer_color_bg":"#ffffff","footer_color_txt":"#323232","sub_footer_color_bg":"#ffffff","sub_footer_color_txt":"#000000","referral":true,"referral_link":"","footer_afiliados_size":80,"footer_afiliados_size_mobile":80}},"information-bar-2":{"type":"information-bar-2","blocks":{"251292e4-5c8c-4f11-8765-2e682357cc33":{"type":"bloco","settings":{"description":""}},"ef3ee10c-976a-4e0b-9713-201742071c27":{"type":"bloco","settings":{"description":""}},"035ceacd-45c0-45ee-8f22-1858904fb3c4":{"type":"bloco","settings":{"description":""}},"2bf62e8c-36ba-44d5-9b4e-113d4ce3510d":{"type":"bloco","settings":{"description":""}}},"block_order":["251292e4-5c8c-4f11-8765-2e682357cc33","ef3ee10c-976a-4e0b-9713-201742071c27","035ceacd-45c0-45ee-8f22-1858904fb3c4","2bf62e8c-36ba-44d5-9b4e-113d4ce3510d"],"settings":{"section_bg":"#3999ce","descriptions_color":"#ffffff","grid_mobile":"one-line","item_gap":10,"section_margin":0}},"whatsapp-button":{"type":"whatsapp-button","settings":{"enable_whats":false,"whats_position":"right","whats_size":100,"whats_size_mobile":70,"whats_lateral_distance":10,"whats_lateral_distance_mobile":10,"whats_bottom_distance":120,"whats_bottom_distance_mobile":80,"whats_link":"","whats_ddi":"","whats_phone":"","whats_desc":""}},"barra-informacoes-v4":{"type":"barra-informacoes-v4","blocks":{"box_fhCiLF":{"type":"box","settings":{"barra_text_title":"<p>Logística segura, sin sorpresas<\/p>","barra_text_icon":"shopify:\/\/shop_images\/Shipping-Box.webp"}},"box_Pi6zNh":{"type":"box","settings":{"barra_text_title":"<p>Devolución sin complicaciones<\/p>","barra_text_icon":"shopify:\/\/shop_images\/setas_giratorias.svg"}},"box_KKe6yW":{"type":"box","settings":{"barra_text_title":"<p>Transacciones 100% protegidas<\/p>","barra_text_icon":"shopify:\/\/shop_images\/Secure-Gif.webp"}},"box_njhqFn":{"type":"box","settings":{"barra_text_title":"<p>Atención al cliente 24\/7<\/p>","barra_text_icon":"shopify:\/\/shop_images\/Chat-Support.webp"}}},"block_order":["box_fhCiLF","box_Pi6zNh","box_KKe6yW","box_njhqFn"],"settings":{"barra_padding":30,"barra_padding_mobile":20,"barra_bg_cor":"#ffffff","box_gap":20,"box_justify":"flex-start","barra_position_horizontal":"center","cor_swiper":"#000000","barra_icon_cor":"#000000","barra_icon_size":50,"barra_icon_size_mobile":50,"barra_txt_title_h1":"","barra_txt_title_cor_h1":"#000000","barra_txt_title_size_h1":35,"barra_txt_title_size_mobile_h1":25,"barra_txt_title_cor":"#000000","barra_txt_title_size":16,"barra_txt_title_size_mobile":15}},"barra-animada":{"type":"barra-animada","blocks":{"bloco_animado_k3FHmK":{"type":"bloco_animado","settings":{"bloco_animado_txt":"<p>Compra de forma segura<\/p>"}},"bloco_animado_LeA6gE":{"type":"bloco_animado","settings":{"bloco_animado_txt":"<p>Garantía de 90 días<\/p>"}},"bloco_animado_AGFtK9":{"type":"bloco_animado","settings":{"bloco_animado_txt":"<p>Frete Grátis<\/p>"}},"bloco_animado_MxCYam":{"type":"bloco_animado","settings":{"bloco_animado_txt":"<p><strong>Atención al cliente 24\/7<\/strong><\/p>"}},"bloco_animado_98apX4":{"type":"bloco_animado","settings":{"bloco_animado_txt":"<p>Productos exclusivos<\/p>"}},"bloco_animado_hXBkwk":{"type":"bloco_animado","settings":{"bloco_animado_txt":"<p>Pago contra reembolso<\/p>"}}},"block_order":["bloco_animado_k3FHmK","bloco_animado_LeA6gE","bloco_animado_AGFtK9","bloco_animado_MxCYam","bloco_animado_98apX4","bloco_animado_hXBkwk"],"settings":{"barra_padding":0,"barra_padding_mobile":0,"ativar_barra_animada":false,"barra_animada_cor":"#000000","barra_animada_txt_cor":"#ffffff","barra_animada_txt_size":20,"barra_animada_txt_size_mobile":16,"barra_animada_speed":2,"ativar_ondas":true,"ondas_cor":"#323232","ondas_altura":60,"ondas_altura_mobile":30}}},"content_for_index":[],"color_schemes":{"background-1":{"settings":{"background":"#ffffff","background_gradient":"","text":"#000000","button":"#000000","button_label":"#ffffff","secondary_button_label":"#000000","shadow":"#121212"}},"background-2":{"settings":{"background":"#f3f3f3","background_gradient":"","text":"#121212","button":"#121212","button_label":"#f3f3f3","secondary_button_label":"#121212","shadow":"#121212"}},"inverse":{"settings":{"background":"#2a555a","background_gradient":"","text":"#ffffff","button":"#ffffff","button_label":"#000000","secondary_button_label":"#ffffff","shadow":"#121212"}},"accent-1":{"settings":{"background":"#121212","background_gradient":"","text":"#ffffff","button":"#ffffff","button_label":"#121212","secondary_button_label":"#ffffff","shadow":"#121212"}},"accent-2":{"settings":{"background":"#f8f8f8","background_gradient":"","text":"#000000","button":"#ffffff","button_label":"#2a555a","secondary_button_label":"#ffffff","shadow":"#323232"}}}},"presets":{"Default":{"logo_width":90,"color_schemes":{"background-1":{"settings":{"background":"#FFFFFF","background_gradient":"","text":"#121212","button":"#121212","button_label":"#FFFFFF","secondary_button_label":"#121212","shadow":"#121212"}},"background-2":{"settings":{"background":"#F3F3F3","background_gradient":"","text":"#121212","button":"#121212","button_label":"#F3F3F3","secondary_button_label":"#121212","shadow":"#121212"}},"inverse":{"settings":{"background":"#242833","background_gradient":"","text":"#FFFFFF","button":"#FFFFFF","button_label":"#000000","secondary_button_label":"#FFFFFF","shadow":"#121212"}},"accent-1":{"settings":{"background":"#121212","background_gradient":"","text":"#FFFFFF","button":"#FFFFFF","button_label":"#121212","secondary_button_label":"#FFFFFF","shadow":"#121212"}},"accent-2":{"settings":{"background":"#334FB4","background_gradient":"","text":"#FFFFFF","button":"#FFFFFF","button_label":"#334FB4","secondary_button_label":"#FFFFFF","shadow":"#121212"}}},"type_header_font":"assistant_n4","heading_scale":100,"type_body_font":"assistant_n4","body_scale":100,"page_width":1200,"spacing_sections":0,"spacing_grid_horizontal":8,"spacing_grid_vertical":8,"buttons_border_thickness":1,"buttons_border_opacity":100,"buttons_radius":0,"buttons_shadow_opacity":0,"buttons_shadow_horizontal_offset":0,"buttons_shadow_vertical_offset":4,"buttons_shadow_blur":5,"variant_pills_border_thickness":1,"variant_pills_border_opacity":55,"variant_pills_radius":40,"variant_pills_shadow_opacity":0,"variant_pills_shadow_horizontal_offset":0,"variant_pills_shadow_vertical_offset":4,"variant_pills_shadow_blur":5,"inputs_border_thickness":1,"inputs_border_opacity":55,"inputs_radius":0,"inputs_shadow_opacity":0,"inputs_shadow_horizontal_offset":0,"inputs_shadow_vertical_offset":4,"inputs_shadow_blur":5,"card_style":"standard","card_image_padding":0,"card_text_alignment":"left","card_color_scheme":"background-2","card_border_thickness":0,"card_border_opacity":10,"card_corner_radius":0,"card_shadow_opacity":0,"card_shadow_horizontal_offset":0,"card_shadow_vertical_offset":4,"card_shadow_blur":5,"collection_card_style":"standard","collection_card_image_padding":0,"collection_card_text_alignment":"left","collection_card_color_scheme":"background-2","collection_card_border_thickness":0,"collection_card_border_opacity":10,"collection_card_corner_radius":0,"collection_card_shadow_opacity":0,"collection_card_shadow_horizontal_offset":0,"collection_card_shadow_vertical_offset":4,"collection_card_shadow_blur":5,"blog_card_style":"standard","blog_card_image_padding":0,"blog_card_text_alignment":"left","blog_card_color_scheme":"background-2","blog_card_border_thickness":0,"blog_card_border_opacity":10,"blog_card_corner_radius":0,"blog_card_shadow_opacity":0,"blog_card_shadow_horizontal_offset":0,"blog_card_shadow_vertical_offset":4,"blog_card_shadow_blur":5,"text_boxes_border_thickness":0,"text_boxes_border_opacity":10,"text_boxes_radius":0,"text_boxes_shadow_opacity":0,"text_boxes_shadow_horizontal_offset":0,"text_boxes_shadow_vertical_offset":4,"text_boxes_shadow_blur":5,"media_border_thickness":1,"media_border_opacity":5,"media_radius":0,"media_shadow_opacity":0,"media_shadow_horizontal_offset":0,"media_shadow_vertical_offset":4,"media_shadow_blur":5,"popup_border_thickness":1,"popup_border_opacity":10,"popup_corner_radius":0,"popup_shadow_opacity":5,"popup_shadow_horizontal_offset":0,"popup_shadow_vertical_offset":4,"popup_shadow_blur":5,"drawer_border_thickness":1,"drawer_border_opacity":10,"drawer_shadow_opacity":0,"drawer_shadow_horizontal_offset":0,"drawer_shadow_vertical_offset":4,"drawer_shadow_blur":5,"badge_position":"bottom left","badge_corner_radius":40,"sale_badge_color_scheme":"accent-2","sold_out_badge_color_scheme":"inverse","social_twitter_link":"","social_facebook_link":"","social_pinterest_link":"","social_instagram_link":"","social_tiktok_link":"","social_tumblr_link":"","social_snapchat_link":"","social_youtube_link":"","social_vimeo_link":"","predictive_search_enabled":true,"predictive_search_show_vendor":false,"predictive_search_show_price":false,"currency_code_enabled":true,"cart_type":"notification","show_vendor":false,"show_cart_note":false,"cart_drawer_collection":"","sections":{"main-password-header":{"type":"main-password-header","settings":{"color_scheme":"background-1"}},"main-password-footer":{"type":"main-password-footer","settings":{"color_scheme":"background-1"}}}}}}