{"sections":{"cart-items":{"type":"main-cart-items","settings":{"padding_top":36,"padding_bottom":36,"title":"Tu carrito","qtd_icon_color":"#202020","qtd_number_color":"#202020","qtd_border_color":"#202020","price_default_color":"#808080","price_total_color":"#000000","border_top_items_color":"#e9e9e9","separator_bg":"#fafafa","separator_border_color":"#e9e9e9"}},"cart-footer":{"type":"main-cart-footer","blocks":{"subtotal":{"type":"subtotal","settings":{}},"buttons":{"type":"buttons","settings":{}}},"block_order":["subtotal","buttons"],"settings":{"padding_top":40,"padding_bottom":40,"infos_tax":false,"flags":true,"benefits":false,"subtotal_title":"Subtotal","subtotal_price_color":"#808080","subtotal_border_color":"#e9e9e9","subtotal_bg":"#fafafa","keep_buy_text":"Seguir comprando","keep_buy_text_color":"#ffffff","keep_buy_text_hover_color":"#f7ead5","keep_buy_bg":"#2a555a","checkout_title":"PAGAR PEDIDO"}},"featured-collection":{"type":"featured-collection","settings":{"title":"Productos que te pueden gustar","heading_size":"h2","description":"","show_description":false,"description_style":"uppercase","collection":"old-money","products_to_show":4,"columns_desktop":4,"full_width":false,"show_view_all":true,"view_all_style":"link","enable_desktop_slider":false,"color_scheme":"background-1","image_ratio":"adapt","image_shape":"default","show_secondary_image":false,"show_vendor":true,"show_rating":false,"enable_quick_add":false,"columns_mobile":"2","swipe_on_mobile":false,"padding_top":36,"padding_bottom":36}}},"order":["cart-items","cart-footer","featured-collection"]}