{"sections":{"9efa583c-d5bc-4967-a34d-5920f353b8ea":{"type":"slideshow2","blocks":{"template--21381378638129__9efa583c-d5bc-4967-a34d-5920f353b8ea-slide-1":{"type":"slide","settings":{"image":"shopify:\/\/shop_images\/kliper-banner-desktop1400x418-ddm_7.webp","image_mobile":"shopify:\/\/shop_images\/banner-kliper-mobile_2.webp","heading":"","heading_size":"h1","subheading":"","button_label":"","link":"","button_style_secondary":false,"box_align":"middle-center","show_text_box":false,"text_alignment":"center","image_overlay_opacity":0,"color_scheme":"","text_alignment_mobile":"center"}}},"block_order":["template--21381378638129__9efa583c-d5bc-4967-a34d-5920f353b8ea-slide-1"],"settings":{"layout":"full_bleed","slide_height":"adapt_image","slider_visual":"dots","auto_rotate":true,"change_slides_speed":3,"image_behavior":"none","show_text_below":true,"accessibility_info":""}},"bd04bed7-735a-435d-897c-c6333745ea95":{"type":"collection-list","blocks":{"template--16956918038781__bd04bed7-735a-435d-897c-c6333745ea95-featured_collection-1":{"type":"featured_collection","settings":{"collection":"cozinha"}},"template--16956918038781__bd04bed7-735a-435d-897c-c6333745ea95-featured_collection-2":{"type":"featured_collection","settings":{"collection":"decoracao"}},"template--16956918038781__bd04bed7-735a-435d-897c-c6333745ea95-featured_collection-3":{"type":"featured_collection","settings":{"collection":"bathroom"}},"f0937d06-e3ea-4bf9-9c4b-5c3135054ac6":{"type":"featured_collection","settings":{"collection":"esculturas"}}},"block_order":["template--16956918038781__bd04bed7-735a-435d-897c-c6333745ea95-featured_collection-1","template--16956918038781__bd04bed7-735a-435d-897c-c6333745ea95-featured_collection-2","template--16956918038781__bd04bed7-735a-435d-897c-c6333745ea95-featured_collection-3","f0937d06-e3ea-4bf9-9c4b-5c3135054ac6"],"settings":{"title":"","heading_size":"h1","image_ratio":"adapt","columns_desktop":4,"color_scheme":"","show_view_all":false,"collection_arrow_enable":true,"columns_mobile":"1","swipe_on_mobile":true,"padding_top":36,"padding_bottom":36}},"featured_collection_h6fDaE":{"type":"featured-collection","name":"t:sections.featured-collection.presets.name","settings":{"title":"<a href=\"\/collections\/skis-dynastar\" title=\"SNOWBOARD\"><strong>NUEVA TEMPORADA SNOWBOARD <\/strong><\/a>🏂","heading_size":"h2","description":"","show_description":false,"description_style":"uppercase","collection":"skis-dynastar","products_to_show":4,"columns_desktop":4,"full_width":false,"show_view_all":false,"view_all_style":"solid","enable_desktop_slider":false,"color_scheme":"","image_ratio":"adapt","image_shape":"default","show_secondary_image":true,"show_vendor":false,"show_rating":false,"enable_quick_add":false,"columns_mobile":"2","swipe_on_mobile":false,"padding_top":36,"padding_bottom":36}},"collection_list_b8eYzf":{"type":"collection-list","blocks":{"featured_collection_bmpbDc":{"type":"featured_collection","settings":{"collection":"andesgear"}},"featured_collection_wfqMyk":{"type":"featured_collection","settings":{"collection":"the-north-face"}},"featured_collection_CgBxam":{"type":"featured_collection","settings":{"collection":"mammut"}},"featured_collection_3gpVAU":{"type":"featured_collection","settings":{"collection":"outdoor-research"}}},"block_order":["featured_collection_bmpbDc","featured_collection_wfqMyk","featured_collection_CgBxam","featured_collection_3gpVAU"],"settings":{"title":"","heading_size":"h1","image_ratio":"adapt","columns_desktop":4,"color_scheme":"","show_view_all":false,"collection_arrow_enable":true,"columns_mobile":"1","swipe_on_mobile":true,"padding_top":36,"padding_bottom":36}},"featured_collection_qCpjyg":{"type":"featured-collection","name":"t:sections.featured-collection.presets.name","settings":{"title":"Productos que te pueden gustar","heading_size":"h2","description":"","show_description":false,"description_style":"uppercase","collection":"old-money","products_to_show":4,"columns_desktop":4,"full_width":false,"show_view_all":false,"view_all_style":"solid","enable_desktop_slider":true,"color_scheme":"","image_ratio":"adapt","image_shape":"default","show_secondary_image":true,"show_vendor":false,"show_rating":false,"enable_quick_add":false,"columns_mobile":"2","swipe_on_mobile":false,"padding_top":36,"padding_bottom":36}},"newsletter_k3Np98":{"type":"newsletter","blocks":{"heading_KYjpnB":{"type":"heading","settings":{"heading":"Suscríbete a nuestros correos","heading_size":"h1"}},"paragraph_bBig3k":{"type":"paragraph","settings":{"text":"<p>Sé el primero en enterarte de nuevas colecciones y ofertas exclusivas.<\/p>"}},"email_form_ddY4Kf":{"type":"email_form","settings":{}}},"block_order":["heading_KYjpnB","paragraph_bBig3k","email_form_ddY4Kf"],"name":"t:sections.newsletter.presets.name","settings":{"color_scheme":"inverse","full_width":true,"padding_top":40,"padding_bottom":52}},"abf1e578-b6fe-4d08-b0c9-271d1074b4b9":{"type":"faq","blocks":{"000ce9c6-5e5f-44fb-8187-81482686615b":{"type":"box","settings":{"pergunta":"¿Qué métodos de pago aceptan?","resposta":"<p>Solo aceptamos pago en efectivo al momento de recibir tu pedido.<\/p>"}},"90989453-3a7b-4fd5-b6df-2413f632fb2e":{"type":"box","settings":{"pergunta":"¿Puedo pagar con tarjeta de crédito o débito?","resposta":"<p>Lamentablemente por el momento no contamos con esos método de pago, pero pronto tendremos más actualizaciones para ti.<\/p>"}},"a20dce4c-8d27-463d-a224-e09ca35a7131":{"type":"box","settings":{"pergunta":"¿Hay algún costo adicional por el servicio de contra entrega?","resposta":"<p>No existe ningún costo adicional, el envió es completamente gratis.<\/p>"}},"9ccdee65-9737-45f4-94f8-433591940b62":{"type":"box","settings":{"pergunta":"¿Qué debo hacer si no estoy en casa cuando se entrega el producto?","resposta":"<p>No se preocupe, el día en que se realizará la entrega, recibirá una llamada o mensaje por parte del repartidor que llevará a cabo la entrega. Si no puede recibir ese día, se realizará otro intento.<\/p>"}},"043af079-17c1-4df0-9354-f003e26d4019":{"type":"box","settings":{"pergunta":"¿Todos los productos vienen con garantía?","resposta":"<p>Si, todos nuestros productos tienen garantía de satisfacción por defectos de fábrica.<\/p>"}},"1de7669a-f024-4eb8-8f97-aec00e996be1":{"type":"box","settings":{"pergunta":"Si no estoy satisfecho con mi compra, ¿puedo devolverla?","resposta":"<p>Si, debes comunicarse por nuestro E-mail para ayudarte a gestionar tu garantía.<\/p>"}},"6debd960-4db0-4805-9f69-47237da13168":{"type":"box","settings":{"pergunta":"¿Cuánto tiempo tarda generalmente la entrega?","resposta":"<p>El tiempo de entrega promedio es de 2 a 7 días útiles, dependiendo de la ciudad de la que nos haces tu pedido.<\/p>"}},"4a905c4f-a83e-4a63-82ae-51872d98fb5f":{"type":"box","settings":{"pergunta":"¿Puedo rastrear mi pedido en tiempo real?","resposta":"<p>Si, enviaremos un código de seguimiento de tu pedido al correo una vez enviado tu pedido.<\/p>"}},"b1c8f454-616c-4961-868b-1b91c5ff341f":{"type":"box","settings":{"pergunta":"¿Qué pasa si mi pedido llega fuera del plazo estipulado?","resposta":"<p>Puede escribirnos a nuestro E-mail y te ayudaremos a gestionar tu pedido.<\/p>"}}},"block_order":["000ce9c6-5e5f-44fb-8187-81482686615b","90989453-3a7b-4fd5-b6df-2413f632fb2e","a20dce4c-8d27-463d-a224-e09ca35a7131","9ccdee65-9737-45f4-94f8-433591940b62","043af079-17c1-4df0-9354-f003e26d4019","1de7669a-f024-4eb8-8f97-aec00e996be1","6debd960-4db0-4805-9f69-47237da13168","4a905c4f-a83e-4a63-82ae-51872d98fb5f","b1c8f454-616c-4961-868b-1b91c5ff341f"],"disabled":true,"settings":{"title_faq":"FAQ","text_faq":"","color_title_alignment":"escuro","background_color":"#ffffff","bg_color_line_enable":true,"bg_color_line":"#efefef","ancora":"#âncora"}},"e8e84568-60ad-43df-975f-c03e64d93b6c":{"type":"main-popular-products","disabled":true,"settings":{"collection_list":"produtos-em-destaque","margin":20,"bg":"#ffffff","qtd_products_desktop":"4","qtd_products_mobile":"2","qtd_list_producs":8,"title":"Venta Caliente","title_color":"#121212","discont_title":"Ahorrar","discont_bg":"#ffb501","discont_color":"#ffffff","item_title_color":"#000000","item_title_height_desktop":58,"item_title_height_mobile":30,"item_price_description":"A partir de","item_price_color":"#ff0000","item_compare_price_color":"#808080","cart_icon_bg":"#ffb501","cart_icon_color":"#ffffff","cart_title":"Agregar al carrito","cart_title_color":"#ffffff","cart_title_bg":"#018a9a","cart_loading_color":"#ffffff","see_all_title":"Ver todo","see_all_color":"#000000","see_all_bg":"#ffffff","see_all_border_color":"#000000"}}},"order":["9efa583c-d5bc-4967-a34d-5920f353b8ea","bd04bed7-735a-435d-897c-c6333745ea95","featured_collection_h6fDaE","collection_list_b8eYzf","featured_collection_qCpjyg","newsletter_k3Np98","abf1e578-b6fe-4d08-b0c9-271d1074b4b9","e8e84568-60ad-43df-975f-c03e64d93b6c"]}