{"sections":{"3c64e0be-4e3e-49d2-95a9-509acd796e09":{"type":"content-section","blocks":{"2d3978d0-79c7-400e-92e1-6d4ed526d5cd":{"type":"boxTitulo","settings":{"title":"Política de Envío y Entrega","enable_color_title":false,"color_text_title":"#000000","align_title_alignment":"esquerda"}},"4d04f0e3-3d56-40ca-99d9-c0f26525800b":{"type":"boxTexto","settings":{"text":"<p>Nos esforzamos por brindar a nuestros clientes un servicio de calidad desde el momento en que haces clic en \"comprar\" hasta que el producto llega a tus manos. Entendemos la emoción y la expectativa que surge al adquirir un nuevo artículo y es nuestro compromiso que esa experiencia sea fluida, transparente y satisfactoria. <br\/><br\/>Por ello, hemos creado esta política, donde encontrarás toda la información relevante sobre cómo y cuándo te llegará tu pedido, así como los detalles sobre nuestros métodos de pago y garantía. Te invitamos a leerla cuidadosamente y, si tienes alguna duda, siempre estaremos a disposición para ayudarte.<\/p>","enable_color":false,"color_text":"#000000","align_text_alignment":"esquerda","width_title_alignment":"largo"}},"e399b619-1f32-4cf5-bc5a-4098d2e8c8ec":{"type":"tabs","settings":{"text_tab":"Tiempo de Procesamiento y Envío","subtext_tab":"<p>Una vez que tu pedido sea aprobado, trabajamos arduamente para enviarlo lo antes posible. El tiempo de entrega promedio es de 2 a 7 días hábiles, dependiendo de la ciudad de donde realizaste tu pedido. Sin embargo, es importante mencionar que pueden existir circunstancias imprevistas o demoras por parte de tu servicio postal local. Nuestro objetivo es enviar tu pedido el siguiente día hábil.<\/p>"}},"72691468-0e7e-4e27-a2a0-2116ddb261b3":{"type":"tabs","settings":{"text_tab":"Días de Entrega","subtext_tab":"<p>Los pedidos se entregan de lunes a sábado, excluyendo los días festivos nacionales.<\/p>"}},"8305156a-ba91-4480-85ac-34f47ac900ff":{"type":"tabs","settings":{"text_tab":"Rastreo de Tu Pedido","subtext_tab":"<p>El número de seguimiento estará disponible dentro de 3-4 días hábiles después de que tu pedido sea aprobado. Recibirás este número vía email. Puedes rastrear tu pedido en tiempo real con este código. Si no recibes este correo, te recomendamos revisar tu carpeta de Spam.<\/p>"}},"4d7acc50-40f8-4211-aa0e-c1d9d39321df":{"type":"tabs","settings":{"text_tab":"Método de Pago","subtext_tab":"<p>Aceptamos solo pago en efectivo al momento de recibir tu pedido. Actualmente, no contamos con métodos de pago con tarjeta de crédito o débito, pero estamos trabajando para ofrecer más opciones en el futuro. Además, el envío es completamente gratis, por lo que no hay costos adicionales al precio listado en nuestro sitio.<\/p>"}},"b73c5e81-19c1-4f95-a3fc-06c6d38410d6":{"type":"tabs","settings":{"text_tab":"Ausencia durante la Entrega","subtext_tab":"<p>Si no estás en casa cuando se entrega el producto, recibirás una llamada o mensaje por parte del repartidor. Si no puedes recibirlo ese día, se programará otro intento.<\/p>"}},"140cd95c-9e44-4ff8-8a3f-f97a65d4c674":{"type":"tabs","settings":{"text_tab":"Garantía y Devoluciones","subtext_tab":"<p>Todos nuestros productos cuentan con una garantía de satisfacción por defectos de fábrica. Si no estás satisfecho con tu compra o deseas reclamar la garantía, comunícate con nosotros a través de nuestro email, el cual encontrarás en la página de \"Contacto\".<\/p>"}},"7ead7df9-22e8-4a22-96cc-939ba6acc8f4":{"type":"tabs","settings":{"text_tab":"Tiempo de Entrega Fuera del Plazo Estipulado","subtext_tab":"<p>Si tu pedido llega fuera del plazo promedio de 2 a 7 días hábiles, por favor escríbenos a nuestro email y te ayudaremos a gestionar y resolver tu pedido.<\/p>"}},"ddb6666e-2830-400f-bb53-195a3603b512":{"type":"tabs","settings":{"text_tab":"Contacto","subtext_tab":"<p>Para cualquier consulta o aclaración, visita nuestra página de \"Contacto\". Puedes acceder al formulario haciendo clic en \"Contacto\" en el pie de página de nuestro sitio web.<\/p>"}}},"block_order":["2d3978d0-79c7-400e-92e1-6d4ed526d5cd","4d04f0e3-3d56-40ca-99d9-c0f26525800b","e399b619-1f32-4cf5-bc5a-4098d2e8c8ec","72691468-0e7e-4e27-a2a0-2116ddb261b3","8305156a-ba91-4480-85ac-34f47ac900ff","4d7acc50-40f8-4211-aa0e-c1d9d39321df","b73c5e81-19c1-4f95-a3fc-06c6d38410d6","140cd95c-9e44-4ff8-8a3f-f97a65d4c674","7ead7df9-22e8-4a22-96cc-939ba6acc8f4","ddb6666e-2830-400f-bb53-195a3603b512"],"settings":{"color_title_alignment":"escuro","background_color":"#ffffff","enable_image_url":false,"enable_video":false,"ancora":"#âncora"}}},"order":["3c64e0be-4e3e-49d2-95a9-509acd796e09"]}