{"sections":{"3c64e0be-4e3e-49d2-95a9-509acd796e09":{"type":"content-section","blocks":{"2d3978d0-79c7-400e-92e1-6d4ed526d5cd":{"type":"boxTitulo","settings":{"title":"Política de privacidad","enable_color_title":false,"color_text_title":"#000","align_title_alignment":"esquerda"}},"4d04f0e3-3d56-40ca-99d9-c0f26525800b":{"type":"boxTexto","settings":{"text":"<p>Esta Política de Privacidad describe cómo el \"Sitio\" o \"nosotros\" recopilamos, usamos y divulgamos su Información Personal cuando visita o realiza una compra desde el Sitio.<\/p>","enable_color":false,"color_text":"#000000","align_text_alignment":"esquerda","width_title_alignment":"largo"}},"4868d589-3b2d-46f9-8a8a-def7731f97ed":{"type":"tabs","settings":{"text_tab":"Recopilación de información personal","subtext_tab":"<p>Cuando visita el Sitio, recopilamos cierta información sobre su dispositivo, su interacción con el Sitio e información necesaria para procesar sus compras. También podemos recopilar información adicional si nos contacta para obtener soporte al cliente. En esta Política de Privacidad, nos referimos a cualquier información que pueda identificar de manera única a un individuo (incluida la información a continuación) como \"Información Personal\". Consulte la lista a continuación para obtener más información sobre qué Información Personal recopilamos y por qué.<br\/><br\/><strong>Información del dispositivo<\/strong><\/p><p><br\/><strong>• Ejemplos de Información Personal recopilada:<\/strong> versión del navegador web, dirección IP, zona horaria, información de cookies, qué sitios o productos visualiza, términos de búsqueda y cómo interactúa con el Sitio.<br\/><br\/><strong>• Propósito de la recopilación: <\/strong>para cargar el Sitio correctamente para usted y realizar análisis sobre el uso del Sitio para optimizar nuestro Sitio.<br\/><br\/><strong>• Fuente de recopilación: <\/strong>Recopilada automáticamente cuando accede a nuestro Sitio usando cookies, archivos de registro, balizas web, etiquetas o píxeles.<br\/><br\/><strong>• Divulgación por un propósito comercial:<\/strong> compartido con nuestro procesador Shopify.<br\/><br\/><strong>Información del pedido<br\/><br\/>• Ejemplos de Información Personal recopilada:<\/strong> nombre, dirección de facturación, dirección de envío, información de pago (incluidos números de tarjeta de crédito), dirección de correo electrónico y número de teléfono.<br\/><br\/><strong>• Propósito de la recopilación: <\/strong>proporcionar productos o servicios para cumplir nuestro contrato, procesar su información de pago, organizar el envío y proporcionarle facturas y\/o confirmaciones de pedido, comunicarse con usted, verificar nuestros pedidos en busca de posibles riesgos o fraudes y, de acuerdo con las preferencias que ha compartido con nosotros, proporcionarle información o publicidad relacionada con nuestros productos o servicios.<br\/><br\/><strong>• Fuente de recopilación: <\/strong>recopilada de usted.<br\/><br\/><strong>• Divulgación por un propósito comercial:<\/strong> compartido con nuestro procesador Shopify.<br\/><br\/><strong>Información de soporte al cliente<br\/><br\/>• Ejemplos de Información Personal recopilada:<\/strong> nombre, dirección de facturación, dirección de envío, información de pago (incluidos números de tarjeta de crédito), dirección de correo electrónico y número de teléfono.<br\/><br\/><strong>• Propósito de la recopilación: <\/strong>proporcionar soporte al cliente.<br\/><br\/><strong>• Fuente de recopilación: <\/strong>recopilada de usted.<br\/><br\/><strong>Menores<br\/><br\/><\/strong>El Sitio no está destinado a individuos menores de 18 años. No recopilamos intencionadamente Información Personal de niños. Si es el padre o tutor y cree que su hijo nos ha proporcionado Información Personal, contáctenos en la dirección a continuación para solicitar su eliminación.<\/p>"}},"e369df54-f082-4cb8-a7bd-c4f145f278e7":{"type":"tabs","settings":{"text_tab":"Compartir información personal","subtext_tab":"<p>Compartimos su Información Personal con proveedores de servicios para ayudarnos a proporcionar nuestros servicios y cumplir nuestros contratos con usted, como se describe anteriormente. Por ejemplo:<br\/><br\/>• Utilizamos Shopify para alimentar nuestra tienda en línea. Puede leer más sobre cómo Shopify utiliza su Información Personal aquí: <a href=\"https:\/\/www.shopify.com\/legal\/privacy\">https:\/\/www.shopify.com\/legal\/privacy<\/a>.<br\/><br\/>• Podemos compartir su Información Personal para cumplir con las leyes y regulaciones aplicables, responder a una citación, orden de registro u otra solicitud legal de información que recibimos, o para proteger nuestros derechos.<br\/><br\/><strong>Publicidad basada en el comportamiento<br\/><br\/><\/strong>Como se describe anteriormente, utilizamos su Información Personal para proporcionarle anuncios dirigidos o comunicaciones de marketing que creemos que pueden ser de su interés. Por ejemplo:<br\/><br\/>• Utilizamos Google Analytics para ayudarnos a entender cómo nuestros clientes usan el Sitio. Puede leer más sobre cómo Google utiliza su Información Personal aquí: <a href=\"https:\/\/policies.google.com\/privacy?hl=es\">https:\/\/policies.google.com\/privacy?hl=es<\/a>. También puede optar por no participar en Google Analytics aquí: <a href=\"https:\/\/tools.google.com\/dlpage\/gaoptout\">https:\/\/tools.google.com\/dlpage\/gaoptout<\/a>.<br\/><br\/>• Compartimos información sobre su uso del Sitio, sus compras y su interacción con nuestros anuncios en otros sitios web con nuestros socios publicitarios. Recopilamos y compartimos parte de esta información directamente con nuestros socios publicitarios y, en algunos casos, mediante el uso de cookies u otras tecnologías similares (a las que puede dar su consentimiento, según su ubicación).<br\/><br\/>Para obtener más información sobre cómo funciona la publicidad dirigida, puede visitar la página educativa de la Iniciativa de Publicidad en Red (“NAI”) en <a href=\"http:\/\/www.networkadvertising.org\/understanding-online-advertising\/how-does-it-work\">http:\/\/www.networkadvertising.org\/understanding-online-advertising\/how-does-it-work<\/a>.<br\/><br\/>Puede optar por no recibir publicidad dirigida en<br\/><br\/>• <em>FACEBOOK<\/em> - <a href=\"https:\/\/www.facebook.com\/settings\/?tab=ads\">https:\/\/www.facebook.com\/settings\/?tab=ads<\/a><br\/>• <em>GOOGLE<\/em> - <a href=\"https:\/\/www.google.com\/settings\/ads\/anonymous\">https:\/\/www.google.com\/settings\/ads\/anonymous<\/a><br\/>• <em>BING<\/em> - <a href=\"https:\/\/advertise.bingads.microsoft.com\/es-es\/resources\/policies\/personalized-ads\">https:\/\/advertise.bingads.microsoft.com\/es-es\/resources\/policies\/personalized-ads<br\/><br\/><\/a>Además, puede optar por no participar en algunos de estos servicios visitando el portal de exclusión de la Alianza de Publicidad Digital en: <a href=\"http:\/\/optout.aboutads.info\/\">http:\/\/optout.aboutads.info\/<\/a>.<\/p>"}},"7382a802-dd44-47d4-a4cf-1085cff4e7db":{"type":"tabs","settings":{"text_tab":"Uso de la información personal","subtext_tab":"<p>Usamos su Información Personal para brindarle nuestros servicios, lo que incluye: ofrecer productos en venta, procesar pagos, envío y cumplimiento de su pedido, e informarle sobre nuevos productos, servicios y ofertas.<br\/><br\/><strong>Base legal<br\/><br\/><\/strong>De acuerdo con el Reglamento General de Protección de Datos (“GDPR” por sus siglas en inglés), si es residente del Área Económica Europea (“EEA”), procesamos su información personal bajo las siguientes bases legales:<br\/><br\/>• Su consentimiento;<br\/>• El desempeño del contrato entre usted y el Sitio;<br\/>• Cumplimiento de nuestras obligaciones legales;<br\/>• Para proteger sus intereses vitales;<br\/>• Para realizar una tarea llevada a cabo en el interés público;<br\/>• Para nuestros intereses legítimos, que no anulan sus derechos y libertades fundamentales.<br\/><br\/><strong>Retención<br\/><br\/><\/strong>Cuando realiza un pedido a través del Sitio, retendremos su Información Personal en nuestros registros a menos que nos pida borrar esta información. Para más información sobre su derecho de eliminación, consulte la sección 'Sus derechos' a continuación.<br\/><br\/><strong>Decisión automática<br\/><br\/><\/strong>Si es residente del EEA, tiene derecho a oponerse al procesamiento basado únicamente en la toma de decisiones automatizada (que incluye la elaboración de perfiles) cuando esa toma de decisiones tenga un efecto legal sobre usted o lo afecte significativamente.<br\/><br\/>No participamos en la toma de decisiones completamente automatizada que tenga un efecto legal o de otro tipo significativo utilizando datos del cliente.<br\/><br\/>Nuestro procesador Shopify utiliza una toma de decisiones automatizada limitada para prevenir fraudes que no tienen un efecto legal o de otro tipo significativo sobre usted.<br\/><br\/>Los servicios que incluyen elementos de toma de decisiones automatizada incluyen:<br\/><br\/>• Lista negra temporal de direcciones IP asociadas con transacciones fallidas repetidas. Esta lista negra persiste por unas pocas horas.<br\/>• Lista negra temporal de tarjetas de crédito asociadas con direcciones IP en la lista negra. Esta lista negra persiste por unos pocos días.<br\/><br\/><strong>GDPR<br\/><br\/><\/strong>Si es residente del EEA, tiene derecho a acceder a la Información Personal que tenemos sobre usted, a portarla a un nuevo servicio y a solicitar que su Información Personal sea corregida, actualizada o eliminada. Si desea ejercer estos derechos, contáctenos a través de la información de contacto a continuación.<br\/><br\/>Su Información Personal se procesará inicialmente en Irlanda y luego se transferirá fuera de Europa para su almacenamiento y posterior procesamiento, incluyendo a Canadá y Estados Unidos. Para obtener más información sobre cómo las transferencias de datos cumplen con el GDPR, consulte el Libro Blanco GDPR de Shopify: <a href=\"https:\/\/help.shopify.com\/en\/manual\/your-account\/privacy\/GDPR\">https:\/\/help.shopify.com\/en\/manual\/your-account\/privacy\/GDPR<\/a>.<br\/><br\/><strong>CCPA<br\/><br\/><\/strong>Si es residente de California, tiene derecho a acceder a la Información Personal que tenemos sobre usted (también conocido como ‘Derecho a Saber’), a portarla a un nuevo servicio y a solicitar que su Información Personal sea corregida, actualizada o eliminada. Si desea ejercer estos derechos, contáctenos a través de la información de contacto.<br\/><br\/>Si desea designar a un agente autorizado para presentar estas solicitudes en su nombre, contáctenos.<\/p>"}},"dc35bee9-da58-4adb-b951-e9ad500e2e9b":{"type":"tabs","settings":{"text_tab":"Cookies","subtext_tab":"<p>Una cookie es una pequeña cantidad de información que se descarga en su computadora o dispositivo cuando visita nuestro Sitio. Utilizamos diferentes tipos de cookies, incluyendo cookies funcionales, de rendimiento, publicitarias y de redes sociales o contenido. Las cookies mejoran su experiencia de navegación al permitir que el sitio web recuerde sus acciones y preferencias (como inicio de sesión y selección de región). Esto significa que no tiene que volver a ingresar esta información cada vez que regrese al sitio o navegue de una página a otra. Las cookies también proporcionan información sobre cómo las personas usan el sitio web, por ejemplo, si es su primera vez visitando o si son visitantes frecuentes.<br\/><br\/>Usamos las siguientes cookies para optimizar su experiencia en nuestro Sitio y proporcionar nuestros servicios.<br\/><br\/><strong>Cookies necesarias para el funcionamiento de la tienda<br\/><br\/><\/strong><em><strong>_ab:<\/strong><\/em> Usada en relación con el acceso a admin.<\/p><p><em><strong>_secure_session_id:<\/strong><\/em> Usada en relación con la navegación a través de un escaparate.<\/p><p><em><strong>cart:<\/strong><\/em> Usada en relación con el carrito de compras.<\/p><p><em><strong>cart_sig:<\/strong><\/em> Usada en relación con el proceso de pago.<\/p><p><em><strong>cart_ts:<\/strong><\/em> Usada en relación con el proceso de pago.<\/p><p><em><strong>checkout_token:<\/strong><\/em> Usada en relación con el proceso de pago.<\/p><p><em><strong>secret:<\/strong><\/em> Usada en relación con el proceso de pago.<\/p><p><em><strong>secure_customer_sig:<\/strong><\/em> Usada en relación con el inicio de sesión del cliente.<\/p><p><em><strong>storefront_digest:<\/strong><\/em> Usada en relación con el inicio de sesión del cliente.<\/p><p><em><strong>_shopify_u:<\/strong><\/em> Usada para facilitar la actualización de la información de la cuenta del cliente.<\/p><p><strong>Reporte y análisis<\/strong><\/p><p><em><strong>_tracking_consent:<\/strong><\/em> Preferencias de rastreo.<\/p><p><em><strong>_landing_page:<\/strong><\/em> Rastrear páginas de inicio.<\/p><p><em><strong>_orig_referrer:<\/strong><\/em> Rastrear páginas de inicio.<\/p><p><em><strong>_s:<\/strong><\/em> Análisis de Shopify.<\/p><p><em><strong>_shopify_fs:<\/strong><\/em> Análisis de Shopify.<\/p><p><em><strong>_shopify_s:<\/strong><\/em> Análisis de Shopify.<\/p><p><em><strong>_shopify_sa_p:<\/strong><\/em> Análisis de Shopify relacionados con marketing y referencias.<\/p><p><em><strong>_shopify_sa_t:<\/strong><\/em> Análisis de Shopify relacionados con marketing y referencias.<\/p><p><em><strong>_shopify_y:<\/strong><\/em> Análisis de Shopify.<\/p><p><em><strong>_y:<\/strong><\/em> Análisis de Shopify.<br\/><br\/>La duración de una cookie en su computadora o dispositivo móvil depende de si es una cookie \"persistente\" o de \"sesión\". Las cookies de sesión duran hasta que deja de navegar y las cookies persistentes duran hasta que caducan o se eliminan. La mayoría de las cookies que utilizamos son persistentes y caducarán entre 30 minutos y dos años desde la fecha en que se descargan en su dispositivo.<br\/><br\/>Puede controlar y gestionar las cookies de diversas formas. Tenga en cuenta que eliminar o bloquear cookies puede impactar negativamente en su experiencia de usuario y partes de nuestro sitio web pueden no ser totalmente accesibles.<br\/><br\/>La mayoría de los navegadores aceptan cookies automáticamente, pero puede elegir si acepta o no cookies a través de los controles de su navegador, a menudo encontrados en el menú \"Herramientas\" o \"Preferencias\" de su navegador. Para más información sobre cómo modificar los ajustes de su navegador o cómo bloquear, gestionar o filtrar cookies, puede encontrarlo en el archivo de ayuda de su navegador o a través de sitios como <a href=\"http:\/\/www.allaboutcookies.org\/\">www.allaboutcookies.org<\/a>.<br\/><br\/>Además, tenga en cuenta que bloquear cookies puede no prevenir completamente cómo compartimos información con terceros, como nuestros socios publicitarios. Para ejercer sus derechos u optar por no compartir ciertos usos de su información por estas partes, siga las instrucciones en la sección \"Publicidad basada en comportamiento\" anterior.<br\/><br\/><strong>No rastrear<br\/><br\/><\/strong>Tenga en cuenta que, debido a que no hay un entendimiento consistente en la industria sobre cómo responder a las señales de \"No rastrear\", no alteramos nuestras prácticas de recopilación y uso de datos cuando detectamos dicha señal desde su navegador.<\/p>"}},"5718f11f-5a4e-4c0f-9095-7c9f2e1696d0":{"type":"tabs","settings":{"text_tab":"Cambios","subtext_tab":"<p>Podemos actualizar esta Política de Privacidad de vez en cuando para reflejar, por ejemplo, cambios en nuestras prácticas o por otras razones operativas, legales o regulatorias.<\/p>"}},"6d67e011-aed1-49fa-886e-7543800ae90f":{"type":"tabs","settings":{"text_tab":"Contacto","subtext_tab":"<p>Para obtener más información sobre nuestras prácticas de privacidad, si tiene preguntas o si desea presentar una queja, contáctenos usando el formulario en la página de \"Contacto\". Para acceder al formulario, haga clic en \"Contacto\" en el pie de página de nuestro sitio web.<br\/><br\/>Si no está satisfecho con nuestra respuesta a su queja, tiene el derecho de presentar su queja ante la autoridad de protección de datos relevante. Puede contactar a su autoridad local de protección de datos.<\/p>"}}},"block_order":["2d3978d0-79c7-400e-92e1-6d4ed526d5cd","4d04f0e3-3d56-40ca-99d9-c0f26525800b","4868d589-3b2d-46f9-8a8a-def7731f97ed","e369df54-f082-4cb8-a7bd-c4f145f278e7","7382a802-dd44-47d4-a4cf-1085cff4e7db","dc35bee9-da58-4adb-b951-e9ad500e2e9b","5718f11f-5a4e-4c0f-9095-7c9f2e1696d0","6d67e011-aed1-49fa-886e-7543800ae90f"],"settings":{"color_title_alignment":"escuro","background_color":"#ffffff","enable_image_url":false,"enable_video":false,"ancora":"#âncora"}}},"order":["3c64e0be-4e3e-49d2-95a9-509acd796e09"]}