{"sections":{"3c64e0be-4e3e-49d2-95a9-509acd796e09":{"type":"content-section","blocks":{"2d3978d0-79c7-400e-92e1-6d4ed526d5cd":{"type":"boxTitulo","settings":{"title":"Política de reembolso","enable_color_title":false,"color_text_title":"#000000","align_title_alignment":"esquerda"}},"4d04f0e3-3d56-40ca-99d9-c0f26525800b":{"type":"boxTexto","settings":{"text":"<p>Para ser elegible para una devolución, su artículo debe estar en las mismas condiciones en las que lo recibió, sin usar o sin desgaste, con etiquetas y en su empaque original. También necesitará el recibo o comprobante de compra.<br\/><br\/>Para iniciar una devolución, contáctenos a través del formulario en la página de \"Contacto\". Si su devolución es aprobada, le enviaremos una etiqueta de envío de devolución e instrucciones sobre cómo y dónde enviar su paquete. Tenga en cuenta que los artículos que se nos envíen sin solicitar primero una devolución no serán aceptados.<br\/><br\/>Siempre puede comunicarse con nosotros para cualquier consulta relacionada con devoluciones por correo electrónico usando el formulario en la página de \"Contacto\". Puede acceder al formulario haciendo clic en \"Contacto\" en el pie de página de nuestro sitio web.<\/p>","enable_color":false,"color_text":"#000000","align_text_alignment":"esquerda","width_title_alignment":"largo"}},"4868d589-3b2d-46f9-8a8a-def7731f97ed":{"type":"tabs","settings":{"text_tab":"Daños y problemas","subtext_tab":"<p>Por favor, inspeccione su pedido al recibirlo y contáctenos de inmediato si el artículo está defectuoso, dañado o si recibe el artículo incorrecto, para que podamos evaluar el problema y corregirlo.<\/p>"}},"e369df54-f082-4cb8-a7bd-c4f145f278e7":{"type":"tabs","settings":{"text_tab":"Exceptions \/ non-returnable items","subtext_tab":"<p>Ciertos tipos de artículos no pueden ser devueltos, como bienes perecederos (como alimentos, flores o plantas), productos personalizados (como pedidos especiales o artículos personalizados) y productos de cuidado personal (como productos de belleza). Tampoco aceptamos devoluciones de materiales peligrosos, líquidos inflamables o gases. Por favor, póngase en contacto si tiene preguntas o inquietudes sobre su artículo específico.<br\/><br\/>Lamentablemente, no podemos aceptar devoluciones de artículos en oferta o tarjetas de regalo.<\/p>"}},"7382a802-dd44-47d4-a4cf-1085cff4e7db":{"type":"tabs","settings":{"text_tab":"Intercambios","subtext_tab":"<p>La forma más rápida de asegurarte de obtener lo que deseas es devolver el artículo que tienes y, una vez que se acepte la devolución, realizar una compra separada para el nuevo artículo.<\/p>"}},"dc35bee9-da58-4adb-b951-e9ad500e2e9b":{"type":"tabs","settings":{"text_tab":"Reembolsos","subtext_tab":"<p>Te notificaremos una vez que hayamos recibido e inspeccionado tu devolución y te informaremos si el reembolso fue aprobado o no. Si es aprobado, coordinaremos contigo la mejor manera de realizar el reembolso, ya que el pago original se efectuó en efectivo al momento de la entrega. Por favor, ten en cuenta que, dependiendo del método acordado, puede llevar algún tiempo concretar el reembolso.<\/p>"}}},"block_order":["2d3978d0-79c7-400e-92e1-6d4ed526d5cd","4d04f0e3-3d56-40ca-99d9-c0f26525800b","4868d589-3b2d-46f9-8a8a-def7731f97ed","e369df54-f082-4cb8-a7bd-c4f145f278e7","7382a802-dd44-47d4-a4cf-1085cff4e7db","dc35bee9-da58-4adb-b951-e9ad500e2e9b"],"settings":{"color_title_alignment":"escuro","background_color":"#ffffff","enable_image_url":false,"enable_video":false,"ancora":"#âncora"}}},"order":["3c64e0be-4e3e-49d2-95a9-509acd796e09"]}