{"sections":{"3c64e0be-4e3e-49d2-95a9-509acd796e09":{"type":"content-section","blocks":{"2d3978d0-79c7-400e-92e1-6d4ed526d5cd":{"type":"boxTitulo","settings":{"title":"Términos de Servicio","enable_color_title":false,"color_text_title":"#000000","align_title_alignment":"esquerda"}},"4d04f0e3-3d56-40ca-99d9-c0f26525800b":{"type":"boxTexto","settings":{"text":"<p>Los siguientes Términos de Servicio rigen la relación entre usted (el \"Cliente\") y [nombre de tu tienda] (\"Nosotros\") en relación con los pedidos realizados bajo el modelo de contraentrega.<\/p>","enable_color":false,"color_text":"#000000","align_text_alignment":"esquerda","width_title_alignment":"largo"}},"4868d589-3b2d-46f9-8a8a-def7731f97ed":{"type":"tabs","settings":{"text_tab":"Definición de Contraentrega","subtext_tab":"<p>El término \"contraentrega\" se refiere al modelo de negocio donde el Cliente realiza el pago del producto o servicio en el momento en que lo recibe.<\/p>"}},"e369df54-f082-4cb8-a7bd-c4f145f278e7":{"type":"tabs","settings":{"text_tab":"Responsabilidades del Cliente","subtext_tab":"<p>El Cliente debe estar presente y disponible en la dirección proporcionada para recibir el producto y efectuar el pago correspondiente. En caso de no estar disponible tras ciertos intentos de entrega, se podrán generar cargos adicionales o la cancelación del pedido.<\/p>"}},"7382a802-dd44-47d4-a4cf-1085cff4e7db":{"type":"tabs","settings":{"text_tab":"Formas de Pago en Contraentrega","subtext_tab":"<p>Aceptamos únicamente dinero en efectivo. Es responsabilidad del Cliente contar con el monto exacto para realizar el pago.<\/p>"}},"dc35bee9-da58-4adb-b951-e9ad500e2e9b":{"type":"tabs","settings":{"text_tab":"Incumplimiento de Pago","subtext_tab":"<p>Si el Cliente no efectúa el pago o no cuenta con el monto exacto, se procederá a devolver el producto y se generará un cargo adicional por costes de envío y gestión.<\/p>"}},"5718f11f-5a4e-4c0f-9095-7c9f2e1696d0":{"type":"tabs","settings":{"text_tab":"Política de Devoluciones","subtext_tab":"<p>Una vez efectuado el pago y recibido el producto, el Cliente puede solicitar una devolución en un plazo de 7 días, siempre que el producto esté en las mismas condiciones en que se entregó. Los costes de envío para la devolución serán asumidos por el Cliente.<\/p>"}},"7c2e792c-9834-4128-80ba-0a90e68c5374":{"type":"tabs","settings":{"text_tab":"Limitación de Responsabilidad","subtext_tab":"<p>No nos hacemos responsables de la no entrega del producto debido a problemas con el servicio de mensajería o a la indisponibilidad del Cliente, salvo en casos de negligencia comprobada por nuestra parte.<\/p>"}},"939709a6-da4f-4faf-85b0-1321438a31e2":{"type":"tabs","settings":{"text_tab":"Información de Contacto","subtext_tab":"<p>Para cualquier duda o problema relacionado con la entrega o el pago, el Cliente puede ponerse en contacto con nosotros a través de nuestra página de Contacto.<\/p>"}},"f1b1ff61-2f7c-4448-ab4f-f7f164cdabee":{"type":"tabs","settings":{"text_tab":"Cambios en el Pedido","subtext_tab":"<p>Si el Cliente desea modificar su pedido tras haberlo hecho pero antes de que haya sido despachado, debe contactarnos lo más pronto posible. Una vez que el pedido haya sido despachado, no será posible realizar cambios en el mismo. Se pueden generar cargos adicionales si hay cambios sustanciales en el pedido antes del despacho.<\/p>"}},"8a7404fb-adad-4b41-98d9-02662daf576b":{"type":"tabs","settings":{"text_tab":"Tiempos de Entrega","subtext_tab":"<p>El tiempo de entrega promedio es de 2 a 7 días útiles, dependiendo de la ciudad de la que nos haces tu pedido. No nos hacemos responsables de la no entrega del producto debido a problemas con el servicio de mensajería o a la indisponibilidad del Cliente, salvo en casos de negligencia comprobada de nuestra parte.<\/p>"}},"cf7b6c12-73d5-45d7-afd7-1969c380b3f0":{"type":"tabs","settings":{"text_tab":"Información sobre el Mensajero","subtext_tab":"<p>El mensajero que realiza la entrega se presentará claramente como entregador asociado a nuestra tienda. Recomendamos a nuestros clientes que, por razones de seguridad, solamente reciban los productos si el mensajero se identifica adecuadamente.<\/p>"}}},"block_order":["2d3978d0-79c7-400e-92e1-6d4ed526d5cd","4d04f0e3-3d56-40ca-99d9-c0f26525800b","4868d589-3b2d-46f9-8a8a-def7731f97ed","e369df54-f082-4cb8-a7bd-c4f145f278e7","7382a802-dd44-47d4-a4cf-1085cff4e7db","dc35bee9-da58-4adb-b951-e9ad500e2e9b","5718f11f-5a4e-4c0f-9095-7c9f2e1696d0","7c2e792c-9834-4128-80ba-0a90e68c5374","939709a6-da4f-4faf-85b0-1321438a31e2","f1b1ff61-2f7c-4448-ab4f-f7f164cdabee","8a7404fb-adad-4b41-98d9-02662daf576b","cf7b6c12-73d5-45d7-afd7-1969c380b3f0"],"settings":{"color_title_alignment":"escuro","background_color":"#ffffff","enable_image_url":false,"enable_video":false,"ancora":"#âncora"}}},"order":["3c64e0be-4e3e-49d2-95a9-509acd796e09"]}