{
  "sections": {
    "landing_page_astron": {
      "type": "landing_page_astron",
      "blocks": {
        "topo_mdXkG9": {
          "type": "topo",
          "settings": {
            "topo_espacamento": 10,
            "topo_cor_fundo": "#ffffff",
            "topo_img": "shopify:\/\/shop_images\/topo-logo.png"
          }
        },
        "video_G7TCgP": {
          "type": "video",
          "settings": {
            "video_espacamento": 20,
            "video_cor_fundo": "#f6f4f0",
            "video_subtitulo": "<p><strong>Detén los ronquidos en 1 noche y duerme mejor que nunca.<\/strong><\/p>",
            "video_subtitulo_cor": "#000000",
            "video_subtitulo_size": 42,
            "video_subtitulo_size_mobile": 30,
            "video_subtitulo_2": "<p>SnoreHero es un protector bucal anti-ronquidos listo para usar que proporciona alivio inmediato al mover suavemente tu mandíbula a su posición natural. El material de grado médico BPA hace que sea fácil disfrutar de noches cómodas y sin ronquidos.<\/p>",
            "video_subtitulo_2_cor": "#000000",
            "video_subtitulo_2_size": 18,
            "video_subtitulo_2_size_mobile": 18,
            "video_subtitulo_3": "<p><strong>¡SnoreHero finalmente detiene los ronquidos en la fuente - para siempre!<\/strong><\/p>",
            "video_subtitulo_3_cor": "#000000",
            "video_subtitulo_3_size": 18,
            "video_subtitulo_3_size_mobile": 18,
            "video_url": "https:\/\/www.youtube.com\/watch?v=gbKVjXBrt2Q",
            "video_size": 830,
            "enable_shadow": true,
            "enable_radius": false,
            "enable_max_video": false,
            "enable_box_button": true,
            "como_se_ve_en_txt": "<p><strong>COMO SE VE EN<\/strong><\/p>",
            "como_se_ve_en_txt_color": "#858078",
            "como_se_ve_en_txt_size": 13,
            "como_se_ve_en_txt_size_mobile": 13,
            "como_se_ve_en_img": "shopify:\/\/shop_images\/icones_como_se_ve_en.png"
          }
        },
        "bloco_de_icones_xBjwtN": {
          "type": "bloco_de_icones",
          "settings": {
            "bloco_icones_espacamento": 20,
            "bloco_icones_bg_color": "#e3e1db",
            "bloco_icones_size": 18,
            "bloco_icones_size_mobile": 16,
            "bloco_de_icones_01_txt": "<p><strong>Avalado por DOCTORES<\/strong><\/p>",
            "bloco_de_icones_02_txt": "<p><strong>Certificado por la FDA<\/strong><\/p>",
            "bloco_de_icones_03_txt": "<p><strong>Más de 1 millón de clientes sin ronquidos<\/strong><\/p>",
            "bloco_de_icones_04_txt": "<p><strong>Garantía de 30 noches<\/strong><\/p>"
          }
        },
        "slider_M4V3Cq": {
          "type": "slider",
          "settings": {
            "slider_espacamento": 20,
            "slider_cor_fundo": "#ece7df",
            "slider_titulo": "<p><strong>La manera de \"configurarlo y olvidarlo\" para dejar de roncar durante la noche.<\/strong><\/p>",
            "slider_titulo_cor": "#000000",
            "slider_titulo_size": 32,
            "slider_titulo_size_mobile": 25,
            "slider_subtitulo": "<p>¡Lograr un sueño tranquilo y saludable nunca ha sido más fácil o más económico!<\/p>",
            "slider_subtitulo_cor": "#000000",
            "slider_subtitulo_size": 18,
            "slider_subtitulo_size_mobile": 18,
            "enable_box_button": true,
            "slide_color": "#ffffff",
            "slide_01": "shopify:\/\/shop_images\/slide-1.png",
            "slide_02": "shopify:\/\/shop_images\/slide-2.png",
            "slide_03": "shopify:\/\/shop_images\/slide-3.png",
            "slide_04": "shopify:\/\/shop_images\/slide-4.png",
            "slide_05": "shopify:\/\/shop_images\/slide-5.png",
            "slide_06": "shopify:\/\/shop_images\/slide-6.png"
          }
        },
        "separada_VXeezc": {
          "type": "separada",
          "settings": {
            "separada_espacamento": 20,
            "separada_cor_fundo": "#ffffff",
            "separada_cor_destaque": "#857550",
            "separada_texto_destaque_cor": "#000000",
            "separada_titulo_cor": "#000000",
            "separada_texto_cor": "#000000",
            "enable_box_button": true,
            "separada_texto_destaque_size": 16,
            "separada_titulo_size": 32,
            "separada_texto_size": 18,
            "separada_texto_destaque_size_mobile": 16,
            "separada_titulo_size_mobile": 25,
            "separada_texto_size_mobile": 18,
            "bloco_topo_enable": true,
            "separada_texto_destaque": "<p>Super simple y fácil. <\/p>",
            "separada_titulo": "<p><strong>¿Cómo funciona?<\/strong><\/p>",
            "separada_texto": "<p>Los ronquidos son causados por un bloqueo en tu garganta que priva al cerebro de oxígeno precioso mientras duermes.<\/p><p><br\/><\/p><p>Al mover suavemente tu mandíbula inferior hacia adelante, SnoreHero ensancha naturalmente tu vía aérea para detener la vibración de los tejidos, lo que silencia el ruido de los ronquidos que ha estado perturbando tu sueño.<\/p><p><br\/><\/p><p><strong>Si los ronquidos te están robando a ti o a tus seres queridos el descanso, SnoreHero puede ayudarte a dormir más profundamente y despertar sintiéndote renovado.<\/strong><\/p>",
            "bloco_1_enable": true,
            "separada_1_img": "shopify:\/\/shop_images\/separada-1.gif",
            "separada_1_texto_destaque": "<p><strong>Fácil de usar y 100% efectivo.<\/strong><\/p>",
            "separada_1_titulo": "<p><strong>¡Detiene los ronquidos en la fuente raíz para darte un sueño reparador!<\/strong><\/p>",
            "separada_1_texto": "<p>Si has probado otros trucos para dejar de roncar como tiras nasales, retención de lengua, o almohadas en el pasado y no funcionaron, no es tu culpa. Otras técnicas anti-ronquidos no apuntan a la causa raíz: tejido blando vibrando en tu garganta.<\/p><p><br\/><\/p><p>Con SnoreHero, realmente obtendrás una noche de sueño increíble, lo que resulta en una mayor productividad, un mejor sistema inmunológico, un mayor rendimiento atlético y mejores relaciones.<\/p><p>¡Incluso disminuye el riesgo de enfermedades cardíacas y accidentes cerebrovasculares!<\/p>",
            "bloco_2_enable": true,
            "separada_2_img": "shopify:\/\/shop_images\/separada-2.webp",
            "separada_2_texto_destaque": "<p>CLÍNICAMENTE PROBADO Y 100% SEGURO<\/p>",
            "separada_2_titulo": "<p><strong>Recomendado por médicos, diseñado por dentistas para una calidad de sueño óptima<\/strong><\/p>",
            "separada_2_texto": "<p>SnoreHero es extremadamente seguro y efectivo. Con décadas de investigación, ensayos clínicos y más de 1 millón de clientes satisfechos para respaldarlo, es el único protector bucal que proporciona movimiento natural de la mandíbula para que no tengas que dormir incómodamente toda la noche con los dientes apretados.<\/p><p><br\/><\/p><p>SnoreHero también permite la respiración bucal al darte la capacidad de dormir con la boca abierta o cerrada. Incluso puedes hablar o beber agua sin quitarlo.<\/p><p><br\/><\/p><p>Con SnoreHero, obtienes la misma tecnología que un dispositivo ajustado por un dentista... por una fracción del costo.<\/p>"
          }
        },
        "trescolunas_7jzAKQ": {
          "type": "trescolunas",
          "settings": {
            "trescolunas_espacamento": 20,
            "trescolunas_cor_fundo": "#f5f4f2",
            "trescolunas_titulo": "<p><strong>Una solución revolucionaria para un sueño sin ronquidos.<\/strong><\/p>",
            "trescolunas_titulo_cor": "#000000",
            "trescolunas_subtitulo_cor": "#000000",
            "trescolunas_titulo_principal_size": 32,
            "trescolunas_titulo_size": 18,
            "trescolunas_subtitulo_size": 18,
            "trescolunas_titulo_principal_size_mobile": 30,
            "trescolunas_titulo_size_mobile": 18,
            "trescolunas_subtitulo_size_mobile": 18,
            "trescolunas_bloco_1_img": "shopify:\/\/shop_images\/trescolunas-1.webp",
            "trescolunas_bloco_1_titulo": "<p><strong>LISTO PARA USAR DE INMEDIATO<\/strong><\/p>",
            "trescolunas_bloco_1_subtitulo": "<p>No requiere preparación, no visitas a un especialista y no hay un proceso de hervir y moldear de acierto o error. No puedes arruinarlo... prepárate para un mejor sueño el día que lo recibas.<\/p>",
            "trescolunas_bloco_2_img": "shopify:\/\/shop_images\/trescolunas-2.webp",
            "trescolunas_bloco_2_titulo": "<p><strong>FÁCIL DE RESPIRAR Y HABLAR CON<\/strong><\/p>",
            "trescolunas_bloco_2_subtitulo": "<p>Gracias a nuestra Tecnología de Elevación de Mandíbula, SnoreHero te permite la libertad de respirar libremente mientras duermes, a diferencia de alternativas que restringen tu lengua o boca, lo que puede restringir la respiración.<\/p>",
            "trescolunas_bloco_3_img": "shopify:\/\/shop_images\/trescolunas-3.webp",
            "trescolunas_bloco_3_titulo": "<p><strong>TE ACOMPAÑA A CUALQUIER LUGAR.<\/strong><\/p>",
            "trescolunas_bloco_3_subtitulo": "<p>La compacta caja de almacenamiento de SnoreHero es ideal para viajar. Encaja fácilmente en tu estuche de aseo para que puedas disfrutar de un sueño sin ronquidos en cualquier lugar.<\/p>"
          }
        },
        "duascolunas_bwcmWD": {
          "type": "duascolunas",
          "settings": {
            "duascolunas_espacamento": 20,
            "duascolunas_cor_fundo": "#ffffff",
            "duascolunas_titulo": "<p><strong>Aquí está por qué 1 millón de personas aman a SnoreHero.<\/strong><\/p>",
            "duascolunas_titulo_cor": "#000000",
            "duascolunas_titulo_principal_size": 32,
            "duascolunas_titulo_principal_size_mobile": 30,
            "enable_box_button": true,
            "duascolunas_bloco_1_img": "shopify:\/\/shop_images\/2colunas-1.webp",
            "duascolunas_bloco_2_img": "shopify:\/\/shop_images\/2colunas-2.webp"
          }
        },
        "trescolunas_v2_8MMkKH": {
          "type": "trescolunas_v2",
          "settings": {
            "trescolunas_v2_espacamento": 30,
            "trescolunas_v2_cor_fundo": "#f5f4f2",
            "trescolunas_v2_titulo": "<p><strong>Título Principal<\/strong><\/p>",
            "trescolunas_v2_titulo_cor": "#000000",
            "trescolunas_v2_titulo_principal_size": 32,
            "trescolunas_v2_titulo_principal_size_mobile": 30,
            "trescolunas_v2_bloco_1_img": "shopify:\/\/shop_images\/3colunasv2-01.webp",
            "trescolunas_v2_bloco_2_img": "shopify:\/\/shop_images\/3colunasv2-02.webp",
            "trescolunas_v2_bloco_3_img": "shopify:\/\/shop_images\/3colunasv2-03.webp"
          }
        },
        "separada_v2_q39PbE": {
          "type": "separada_v2",
          "settings": {
            "separada_v2_espacamento": 10,
            "separada_v2_cor_fundo": "#ffffff",
            "separada_v2_cor_destaque": "#857550",
            "separada_v2_texto_destaque_cor": "#000000",
            "separada_v2_titulo_cor": "#000000",
            "separada_v2_texto_cor": "#000000",
            "separada_v2_texto_destaque_size": 16,
            "separada_v2_titulo_size": 32,
            "separada_v2_titulo_bloco_size": 18,
            "separada_v2_subtitulo_bloco_size": 18,
            "separada_v2_texto_destaque_size_mobile": 16,
            "separada_v2_titulo_size_mobile": 25,
            "separada_v2_titulo_bloco_size_mobile": 18,
            "separada_v2_subtitulo_bloco_size_mobile": 18,
            "separada_v2_1_img": "shopify:\/\/shop_images\/beneficios.webp",
            "separada_v2_1_texto_destaque": "<p><strong>BENEFICIOS CLAVE.<\/strong><\/p>",
            "separada_v2_1_titulo": "<p><strong>¿Listo para despertar sintiéndote energizado todos los días?<\/strong><\/p>",
            "separada_v2_1_texto": "<p><strong>Texto<\/strong><\/p>",
            "separada_v2_1_bloco_1_img": "shopify:\/\/shop_images\/bene-1.svg",
            "separada_v2_1_bloco_1_titulo": "<p><strong>BAJO PERFIL.<\/strong><\/p>",
            "separada_v2_1_bloco_1_subtitulo": "<p>Diseñado para comodidad y facilidad de uso.<\/p>",
            "separada_v2_1_bloco_2_img": "shopify:\/\/shop_images\/bene-2.svg",
            "separada_v2_1_bloco_2_titulo": "<p><strong>AJUSTE UNIVERSAL.<\/strong><\/p>",
            "separada_v2_1_bloco_2_subtitulo": "<p>Para mayores de 18 años con dientes y encías saludables.<\/p>",
            "separada_v2_1_bloco_3_img": "shopify:\/\/shop_images\/bene-3.svg",
            "separada_v2_1_bloco_3_titulo": "<p><strong>LIBRE DE BPA Y LÁTEX.<\/strong><\/p>",
            "separada_v2_1_bloco_3_subtitulo": "<p>Material de grado médico, seguro para alergias.<\/p>",
            "separada_v2_1_bloco_4_img": "shopify:\/\/shop_images\/bene-4.svg",
            "separada_v2_1_bloco_4_titulo": "<p><strong>REUTILIZABLE<\/strong><\/p>",
            "separada_v2_1_bloco_4_subtitulo": "<p>Hasta 12 meses de uso de uno.<\/p>"
          }
        },
        "simple_two_tAfPLF": {
          "type": "simple_two",
          "settings": {
            "simple_two_espacamento": 50,
            "simple_two_cor_fundo": "#242424",
            "simple_two_texto_cor": "#ffffff",
            "simple_two_title_size": 32,
            "simple_two_text_size": 18,
            "simple_two_title_size_mobile": 32,
            "simple_two_text_size_mobile": 18,
            "simple_two_img": "shopify:\/\/shop_images\/simple_two_img.jpg",
            "simple_two_title": "<p><strong>Ayudando a todos a vivir vidas más felices a través de un sueño mejor y sin ronquidos.<\/strong><\/p>",
            "simple_two_subtitle": "<p>En 2018, Jenny Stones alcanzó un punto de quiebre. Su esposo, Michael, fue un roncador toda su vida... y eso dejó a Jenny cansada, privada de sueño e irritada más allá de toda creencia.<\/p><p><br\/><\/p><p>Michael probó múltiples productos, incluyendo cirugía costosa... pero nada funcionó. Eventualmente, Michael descubrió una terapia de aparato oral de su dentista. Aunque no estaba específicamente diseñada para los ronquidos, descubrió que eliminaba sus ronquidos la primera noche que la usó.<\/p><p><br\/><\/p><p>Michael y Jenny se quedaron doblemente sorprendidos. Primero, que funcionó... pero segundo, ¡que nadie más había oído hablar de esto! <\/p><p><br\/><\/p><p>Después de unas semanas de vivir una \"nueva vida\" llena de mañanas descansadas y noches silenciosas, decidieron hacer de su misión compartir esta increíble terapia con el mundo.<\/p><p><br\/><\/p><p>Trabajaron estrechamente con dentistas y expertos en sueño para crear el prototipo perfecto. Desde entonces, SnoreHero ha ayudado a más de 1 millón de personas en todo el mundo a disfrutar de un sueño reparador y sin ronquidos.<\/p>"
          }
        },
        "tiles_4pQwjL": {
          "type": "tiles",
          "settings": {
            "tiles_espacamento": 20,
            "tiles_cor_fundo": "#f5f4f2",
            "tiles_texto_cor": "#000000",
            "tiles_title_size": 32,
            "tiles_text_size": 18,
            "tiles_block_title_size": 18,
            "tiles_block_subtitle_size": 18,
            "tiles_title_size_mobile": 32,
            "tiles_text_size_mobile": 18,
            "tiles_block_title_size_mobile": 18,
            "tiles_block_subtitle_size_mobile": 18,
            "tiles_title": "<p><strong>Tu satisfacción es nuestra prioridad.<\/strong><\/p>",
            "tiles_subtitle": "<p>Prueba SnoreHero sin riesgos y si no te encanta, lo arreglaremos.<\/p>",
            "tiles_bloco_01_img": "shopify:\/\/shop_images\/tiles-1.svg",
            "tiles_bloco_01_title": "<p><strong>GARANTÍA DE MEJOR SUEÑO DE 30 NOCHES.<\/strong><\/p>",
            "tiles_bloco_01_subtitle": "<p>Si no estás satisfecho por CUALQUIER razón, simplemente devuelve tu compra dentro de 30 días para un reembolso o crédito.<\/p>",
            "tiles_bloco_02_img": "shopify:\/\/shop_images\/tiles-2.png",
            "tiles_bloco_02_title": "<p><strong>FUNDADO EN AMÉRICA.<\/strong><\/p>",
            "tiles_bloco_02_subtitle": "<p>SnoreHero fue fundado en la hermosa Tennessee y se fabrica orgullosamente bajo controles de calidad estrictos.<\/p>",
            "tiles_bloco_03_img": "shopify:\/\/shop_images\/tiles-3.svg",
            "tiles_bloco_03_title": "<p><strong>ENVÍO GRATIS Y RÁPIDO EN LOS EE.UU.<\/strong><\/p>",
            "tiles_bloco_03_subtitle": "<p>Envío gratuito solo en ofertas calificadas.<\/p>",
            "tiles_bloco_04_img": "shopify:\/\/shop_images\/tiles-4.svg",
            "tiles_bloco_04_title": "<p><strong>PROMESA DE CALIDAD.<\/strong><\/p>",
            "tiles_bloco_04_subtitle": "<p>Controlamos cada paso del proceso para asegurar un producto seguro y de alta calidad.<\/p>",
            "tiles_bloco_05_img": "shopify:\/\/shop_images\/tiles-5.svg",
            "tiles_bloco_05_title": "<p><strong>SOPORTE AL CLIENTE DE CLASE MUNDIAL.<\/strong><\/p>",
            "tiles_bloco_05_subtitle": "<p>Son humanos reales, son rápidos y realmente les gusta hablar contigo.<\/p>",
            "tiles_bloco_06_img": "shopify:\/\/shop_images\/tiles-6.svg",
            "tiles_bloco_06_title": "<p><strong>CON MISIÓN.<\/strong><\/p>",
            "tiles_bloco_06_subtitle": "<p>Nuestra misión es ayudar a millones de personas que luchan por lograr un sueño reparador y restaurativo debido a los ronquidos.<\/p>"
          }
        },
        "checkout_KiTYKr": {
          "type": "checkout",
          "settings": {
            "checkout_espacamento": 15,
            "checkout_cor_fundo": "#ece8df",
            "checkout_nome_cor": "#000000",
            "checkout_chamada_cor": "#000000",
            "checkout_preco_anterior_cor": "#ff0000",
            "checkout_preco_cor": "#000000",
            "checkout_preco_destaque_cor": "#25ae4e",
            "checkout_envio_cor": "#000000",
            "checkout_garantia_cor": "#303030",
            "checkout_nome_size": 30,
            "checkout_chamada_size": 22,
            "checkout_preco_anterior_size": 18,
            "checkout_preco_size": 32,
            "checkout_preco_destaque_size": 16,
            "checkout_envio_size": 19,
            "checkout_garantia_size": 14,
            "checkout_nome_size_mobile": 14,
            "checkout_chamada_size_mobile": 22,
            "checkout_preco_anterior_size_mobile": 14,
            "checkout_preco_size_mobile": 14,
            "checkout_preco_destaque_size_mobile": 14,
            "checkout_envio_size_mobile": 14,
            "checkout_garantia_size_mobile": 14,
            "checkout_topo_img": "shopify:\/\/shop_images\/topo-logo.png",
            "checkout_topo_title": "<p><strong>¡Consigue tu SnoreHero hoy!<\/strong><\/p>",
            "checkout_topo_subtitle": "<p>Garantía de Satisfacción de 30 Días - Solo quedan 52 SnoreHero.<\/p>",
            "checkout_box_1_enable": true,
            "checkout_cor_fundo_box1": "#ffffff",
            "checkout_badge_box_1": "",
            "checkout_badge_cor_box_1": "#ed1300",
            "checkout_badge_cor_texto_box_1": "#ffffff",
            "checkout_nome_box_1": "<p><strong>1- <\/strong>SnoreHero<\/p>",
            "checkout_img_box_1": "shopify:\/\/shop_images\/checkout-1.webp",
            "checkout_chamada_box_1": "<h2><strong>Compra 1 protector bucal SnoreHero ahorra<\/strong> <strong>50%<\/strong><\/h2>",
            "checkout_preco_anterior_box_1": "<p>Original $119.99<\/p>",
            "checkout_preco_box_1": "<p>$49.95<\/p>",
            "checkout_preco_ahorra_box_1": "<p><strong>(AHORRA $69.95)<\/strong><\/p>",
            "checkout_envio_box_1": "<p>+ENVIO<\/p>",
            "checkout_garantia_box_1": "<p>Texto de garantia<\/p>",
            "checkout_garantia_box_1_txt": "<p>Garantía de Devolución del Dinero en 30 días<\/p>",
            "checkout_box_2_enable": true,
            "checkout_cor_fundo_box2": "#cee0e5",
            "checkout_badge_box_2": "<p><strong>Oferta Más Popular<\/strong><\/p>",
            "checkout_badge_cor_box_2": "#ed2300",
            "checkout_badge_cor_texto_box_2": "#ffffff",
            "checkout_nome_box_2": "<p><strong>2- <\/strong>SnoreHero<\/p>",
            "checkout_img_box_2": "shopify:\/\/shop_images\/checkout-2.webp",
            "checkout_chamada_box_2": "<h2><strong>Compra 2 protectores bucales SnoreHero ahorra<\/strong> <strong>65%<\/strong><\/h2>",
            "checkout_preco_anterior_box_2": "<p>Original $274.75<\/p>",
            "checkout_preco_box_2": "<p>$79.90<\/p>",
            "checkout_preco_ahorra_box_2": "<p><strong>(AHORRA $194.80)<\/strong><\/p>",
            "checkout_envio_box_2": "<p><strong>ENVÍO GRATIS<\/strong><\/p>",
            "checkout_img_frete_box_2": "shopify:\/\/shop_images\/checkout-frete.webp",
            "checkout_garantia_box_2_txt": "<p>Garantía de Devolución del Dinero en 30 días<\/p>",
            "checkout_box_3_enable": true,
            "checkout_cor_fundo_box3": "#ece8df",
            "checkout_badge_box_3": "<p><strong>Oferta Premium<\/strong><\/p>",
            "checkout_badge_cor_box_3": "#25ae4e",
            "checkout_badge_cor_texto_box_3": "#ffffff",
            "checkout_nome_box_3": "<p><strong>3- <\/strong>SnoreHero<\/p>",
            "checkout_img_box_3": "shopify:\/\/shop_images\/checkout-3.webp",
            "checkout_chamada_box_3": "<h2><strong>Compra 4 protector bucal SnoreHero ahorra<\/strong> <strong>80%<\/strong><\/h2>",
            "checkout_preco_anterior_box_3": "<p>Original $561.88<\/p>",
            "checkout_preco_box_3": "<p>$131.80<\/p>",
            "checkout_preco_ahorra_box_3": "<p><strong>(AHORRA $430.80)<\/strong><\/p>",
            "checkout_envio_box_3": "<p><strong>ENVÍO GRATIS<\/strong><\/p>",
            "checkout_img_frete_box_3": "shopify:\/\/shop_images\/checkout-frete.webp",
            "checkout_garantia_box_3_txt": "<p>Garantía de Devolución del Dinero en 30 días<\/p>"
          }
        },
        "barra_pagto_dGTMJy": {
          "type": "barra_pagto",
          "settings": {
            "barra_pagto_espacamento": 0,
            "barra_pagto_cor_fundo": "#efefef",
            "checkout_barra_pagto": "shopify:\/\/shop_images\/barra-pagtos.png",
            "checkout_barra_pagto_mobile": "shopify:\/\/shop_images\/barra-pagtos-mobile.png"
          }
        },
        "duvidas_axLkka": {
          "type": "duvidas",
          "settings": {
            "duvidas_espacamento": 20,
            "duvidas_cor_fundo": "#bdb3a2",
            "duvidas_titulo": "<p><strong>Garantía de Devolución del Dinero en 30 días<\/strong><\/p>",
            "duvidas_bg_cor": "#a02a2a",
            "duvidas_titulo_cor": "#000000",
            "enable_box_button": false,
            "duvidas_accordion_titulo_bg_cor": "#f5f5f5",
            "duvidas_accordion_titulo_bg_cor_hover": "#f5f5f5",
            "duvidas_accordion_titulo_cor_txt": "#000000",
            "duvidas_accordion_cor_txt": "#000000",
            "duvidas_accordion_icon": "#000000",
            "duvidas_accordion_01_titulo_txt": "Who can use SnoreHero ?",
            "duvidas_accordion_01_txt": "SnoreHero is appropriate for all genders and anyone over the age of 18 with healthy teeth and gums. SnoreHero should NOT be used if you have any of the following conditions:\n\nLoose, sore, or painful teeth\nLoose crowns, braces, recent implants\nSore gums, oral infections, periodontal disease\nJaw soreness or history of TMJ",
            "duvidas_accordion_02_titulo_txt": "What makes SnoreHero so much better than other anti-snoring devices?",
            "duvidas_accordion_02_txt": "Snoring noise is caused by the soft tissue in your throat collapsing and creating turbulence as you breathe at night. The most effective snoring devices are mouthpieces that address this root cause by moving the lower jaw forward to open the airway. These mouthpieces can be made by a dental sleep specialist and can cost hundreds or thousands of dollars.\n\n\n\nSnoreHero offers you the same trusted therapy in an over-the-counter version. It has been cleared by the FDA for this purpose and is already trusted by millions of people around the world, who say they’ll never go back to their old method of snoring reduction. It’s that much more effective and easier… not to mention that it’s much kinder on your wallet!",
            "duvidas_accordion_03_titulo_txt": "Does SnoreHero work for sleep apnea?",
            "duvidas_accordion_03_txt": "Sleep apnea is a more serious condition than simple snoring and should be managed by a qualified professional. Depending on the severity of the apnea, a mouthpiece to treat sleep apnea may be recommended for mild to moderate cases, or for people who cannot tolerate the use of a CPAP machine. Always discuss your condition and the best solution with a qualified specialist.",
            "duvidas_accordion_04_titulo_txt": "Why should I choose SnoreHero over a custom molded one?",
            "duvidas_accordion_04_txt": "There are tradeoffs for custom molded devices — even those costing thousands of dollars from a dentist. They tend to be thick, rigid, and bulky due to the hard outer shell to hold the moldable material inside. This design typically forces teeth into a clenched bite and limits natural jaw movement while you sleep.\n\n\n\nIf you want less of a mouthful, SnoreHero offers the same result but with a soft, flexible material that allows you to open and close your mouth and move your jaw freely. Most customers find that SnoreHero is more comfortable than custom devices because of this. So not only is it more affordable and easier to get, it’s also often the most effective option out there!",
            "duvidas_accordion_05_titulo_txt": "",
            "duvidas_accordion_05_txt": "",
            "duvidas_accordion_06_titulo_txt": "",
            "duvidas_accordion_06_txt": "",
            "duvidas_accordion_07_titulo_txt": "",
            "duvidas_accordion_07_txt": "",
            "duvidas_accordion_08_titulo_txt": "",
            "duvidas_accordion_08_txt": "",
            "duvidas_accordion_09_titulo_txt": "",
            "duvidas_accordion_09_txt": "",
            "duvidas_accordion_10_titulo_txt": "",
            "duvidas_accordion_10_txt": ""
          }
        },
        "copyright_bncRYa": {
          "type": "copyright",
          "settings": {
            "copyright_espacamento": 50,
            "copyright_cor_fundo": "#5a5a5a",
            "copyright_cor_links": "#ffffff",
            "copyright_cor_textos": "#919b9a",
            "copyright_txt_size": 18,
            "copyright_txt_rodape_size": 15,
            "copyright_txt_size_mobile": 15,
            "copyright_txt_rodape_size_mobile": 15,
            "copyright_barra_link_1": "shopify:\/\/pages\/politica-de-privacidade",
            "copyright_barra_link_1_txt": "Política de privacidade",
            "copyright_barra_link_2": "shopify:\/\/pages\/rastreio",
            "copyright_barra_link_2_txt": "Rastreio",
            "copyright_barra_link_3": "shopify:\/\/pages\/politica-de-envio",
            "copyright_barra_link_3_txt": "Política de envio",
            "copyright_barra_link_txt": "<p>About This Site : Purchasing here is buying directly from DreamHero, the inventors of this innovative solution. DreamHero presents a special offer that you won’t find anywhere else. To support these inventors, please consider buying your DreamHero on this site, rather than 3rd-Party retailers.<\/p>",
            "copyright_barra_link_txt_rodape": "<p>Copyright © 2023 DreamHero. <br\/>All Rights Reserved.DMCA.com Protection Status<\/p>"
          }
        },
        "flutuante_qDYm3P": {
          "type": "flutuante",
          "settings": {
            "flutuante_espacamento": 10,
            "flutuante_cor_fundo": "#ffffff",
            "flutuante_cor_textos": "#000000",
            "flutuante_txt_size": 20,
            "flutuante_texto": "<p>Deje de roncar y duerma mejor en sólo 1 noche<\/p>",
            "flutuante_texto_btn": "<p>Ordena ahora y ahorra 50%.<\/p>"
          }
        }
      },
      "block_order": [
        "topo_mdXkG9",
        "video_G7TCgP",
        "bloco_de_icones_xBjwtN",
        "slider_M4V3Cq",
        "separada_VXeezc",
        "trescolunas_7jzAKQ",
        "duascolunas_bwcmWD",
        "trescolunas_v2_8MMkKH",
        "separada_v2_q39PbE",
        "simple_two_tAfPLF",
        "tiles_4pQwjL",
        "checkout_KiTYKr",
        "barra_pagto_dGTMJy",
        "duvidas_axLkka",
        "copyright_bncRYa",
        "flutuante_qDYm3P"
      ],
      "settings": {
        "landing_box_button_img": "shopify:\/\/shop_images\/img_abaixo_botao.png",
        "landing_box_button_mt": 10,
        "landing_box_button_txt": "Ordene ahora y ahorre un 50%",
        "landing_box_button_txt_auxiliar": "",
        "btn_topo_cor": "#f1c863",
        "btn_topo_cor_hover": "#f1c863",
        "btn_topo_cor_txt": "#000000",
        "btn_topo_cor_txt_hover": "#000000",
        "btn_topo_txt_size": 20,
        "btn_topo_padding_top_bottom": 15,
        "btn_topo_padding_top_bottom_mobile": 15,
        "btn_topo_padding_left_right": 50,
        "btn_topo_padding_left_right_mobile": 20
      }
    }
  },
  "order": [
    "landing_page_astron"
  ]
}