{"sections":{"main":{"type":"main-product","blocks":{"frase_em_destaque_6BzKg7":{"type":"frase-em-destaque","settings":{"frase_destaque_alinhamento":"center","frase_destaque_produto_cor":"#2a555a","frase_destaque_produto_cor_fundo":"#ffffff","frase_destaque_enable_border":true,"frase_destaque_tamanho_desktop":16,"frase_destaque_tamanho_mobile":15}},"ad47a715-3d6f-4251-b112-4ad0e0a97843":{"type":"selo-vendidos","settings":{"selo_vendidos_enable":true,"distance_gap":5,"alinhamento":"esquerda","alinhamento_mobile":"centro","selo_vendidos_txt":"<p>VENDIDOS<\/p>","selo_vendidos_cor":"#f5f5f5","selo_vendidos_cor_txt":"#a7a5a5","selo_vendidos_negrito":false,"selo_vendidos_tamanho":10,"selo_vendidos_tamanho_mobile":10,"selo_vendidos_tamanho_radius":3,"selo_exclusividade_enable":true,"selo_exclusividade_txt":"<p>EXCLUSIVIDAD<\/p>","selo_exclusividade_cor":"#ebf4ff","selo_exclusividade_cor_txt":"#00c3ee","selo_exclusividade_negrito":false,"selo_exclusividade_tamanho":10,"selo_exclusividade_tamanho_mobile":10,"selo_exclusividade_tamanho_radius":3}},"random_people_9kzf6b":{"type":"random_people","disabled":true,"settings":{"random_people_bg":"#f1b116","random_people_border":"#000000","random_people_text":"#000000","random_people_interval":5,"random_people_range":55,"peoplename1":"","peoplename2":"","peoplename3":"","peoplename4":"","peoplename5":"","peoplename6":"","peoplename7":"","peoplename8":"","peoplename9":"","peoplename10":""}},"9c00b4ed-c8e9-4608-b412-0eff6dead13a":{"type":"random_users","settings":{"random_users_ball_color":"#2a555a","random_users_text_color":"#202020","random_users_text_bg":"#f6f6f6","random_users_text":"viendo ahora","random_users_min":10,"random_users_max":30,"random_users_interval":2}},"title":{"type":"title","settings":{}},"77e3d48a-96d3-4ca6-b045-b46cebf33b2a":{"type":"label_sold_delivered","disabled":true,"settings":{"label_sold_delivered_title":"","label_sold_delivered_bg":"#d4f5ff","label_sold_delivered_title_color":"#1e90ff","label_sold_delivered_title_size":14,"label_sold_delivered_justify":"center"}},"caption":{"type":"text","settings":{"text":"{{ product.metafields.descriptors.subtitle.value }}","text_style":"subtitle"}},"price":{"type":"price","settings":{"tipo_preco":"v1","tipopreco":"clean","texto_personalizado":"<p><strong>Precio:<\/strong><\/p>","texto_personalizado_cor":"#000000","texto_personalizado_tamanho":16,"texto_personalizado_tamanho_mobile":13,"preco_cor":"#000000","preco_negrito":true,"preco_tamanho":20,"preco_tamanho_mobile":18,"preco_cor_comparacao":"#8f8f8f","preco_comparacao_negrito":false,"preco_comparacao_tamanho":20,"preco_comparacao_tamanho_mobile":18,"alinhamento":"esquerda","invertido":"sim","enable_label_desconto":true,"preco_label_desconto_cor":"#ff0000","enable_label_valor":true,"label_texto":"Ahorra:","preco_label_valor_cor":"#000000","preco_label_valor_cor_texto":"#ffffff","preco_label_tamanho":13,"preco_label_tamanho_mobile":13}},"oferta_especial_HnTyHd":{"type":"oferta-especial","disabled":true,"settings":{"oferta_especial_cor_principal":"#000000","oferta_especial_cor_secundaria":"#e3e5e9","oferta_especial_cor_badge":"#ffffff","oferta_especial_texto_titulo":"OFERTA ESPECIAL","oferta_especial_texto_desconto":"Ahorras","oferta_especial_texto_badge":"OFF"}},"beneficios_do_produto_RDpyEC":{"type":"beneficios-do-produto","disabled":true,"settings":{"beneficios_produto_cor":"#000000","beneficios_tamanho_desktop":16,"beneficios_tamanho_mobile":15}},"entrega_estimada_icones_RDWkc9":{"type":"entrega-estimada-icones","settings":{"entrega-estimada-data-despachado":0,"entrega-estimada-data-destino":2,"entrega-estimada-txt-pedido":"Pedido","entrega-estimada-txt-enviado":"Enviado","entrega-estimada-txt-entregado":"Entregado","entrega-estimada-cor-principal":"#000000","entrega-estimada-cor-icones":"#ffffff","entrega-estimada-cor-txt":"#000000","entrega_estimada_icones":50,"entrega_estimada_texto":15,"entrega_estimada_icones_mobile":20,"entrega_estimada_texto_mobile":14}},"dea5f00f-4fc2-4543-aef4-c6b0f7993b58":{"type":"labels_infos","disabled":true,"settings":{"enable_labels_infos_1":false,"labels_infos_text_1":"","enable_labels_infos_2":false,"labels_infos_text_2":"","enable_labels_infos_3":false,"labels_infos_text_3":"","enable_labels_infos_4":false,"labels_infos_text_4":"","labels_infos_margin":24,"labels_infos_gap":15,"labels_infos_icon_color":"#000000","labels_infos_text_color":"#000000","labels_infos_enable_boder_top":true,"labels_infos_border_color":"#e9e9e9"}},"variant_picker":{"type":"variant_picker","settings":{"picker_type":"button"}},"d3448721-d147-4172-8100-bb4af9feca8c":{"type":"entrega-estimada","disabled":true,"settings":{"delivery_time":false,"entrega_estimada_color":"#2a555a","textofrete":"Envío gratis","delivery_time_text":"Recibir entre:","enabled-address":true,"enable_garantia":false,"garantia_text_one":"Compra garantizada","garantia_text_two":"¡Tienes hasta 30 días de Garantía!","enable_troca":false,"troca_text_one":"Intercambio gratuito","troca_text_two":"Tienes hasta 7 días para probar el producto.","troca_cor_one":"#0086ff","troca_cor":"#808080","size_text_frete":"14px","delivery_time_min_days":1,"delivery_time_max_days":5,"gatilho_envio_enable":false,"gatilho_envio_temporizador":"","gatilho_envio_texto":"<p>Comprando dentro de las próximas<\/p>","gatilho_envio_texto_tamanho":14,"gatilho_envio_texto_tamanho_mobile":14,"gatilho_envio_texto_cor":"#000000","gatilho_envio_texto_tempo_horas":"<p>h<\/p>","gatilho_envio_texto_tempo_min":"<p>min<\/p>","gatilho_envio_texto_tempo_seg":"<p>s<\/p>","gatilho_envio_texto_tempo_tamanho":14,"gatilho_envio_texto_tempo_tamanho_mobile":14,"gatilho_envio_texto_tempo_cor":"#000000","gatilho_envio_texto_tempo_bold":true}},"buy_buttons":{"type":"buy_buttons","settings":{"show_dynamic_checkout":true,"show_gift_card_recipient":true}},"beneficios_icones_bpKJTN":{"type":"beneficios-icones","disabled":true,"settings":{"beneficios_icones_texto1":"Envío Express 24 \/ 48 Hrs","beneficios_icones_texto2":"Pago Contra Reembolso","beneficios_icones_texto3":"Devoluciones Gratis","beneficios_icones_cor":"#000000","beneficios_icones_tamanho":19,"beneficios_icones_tamanho_mobile":16,"beneficios_icones_tamanho_icones":40,"beneficios_icones_tamanho_icones_mobile":40}},"afeaabe6-6f35-4a15-b9aa-a9533bc1c0d1":{"type":"bandeiras-e-beneficios","disabled":true,"settings":{"bandeiras_ou_beneficios":"beneficios","bandeiras_ou_beneficios_full_width":false,"bandeiras_ou_beneficios_full_width_img":false,"bandeiras_ou_beneficios_img_size":350,"bandeiras_ou_beneficios_alinhamento":"center"}},"cronometro_XNRVtW":{"type":"cronometro","disabled":true,"settings":{"cronometro_em_todos":true,"cronometro_qtd_min":5,"cronometro_qtd_max":20,"temporizador":"","cronometro_mensagem":"Oferta especial finaliza en:","texto_titulo_cor":"#4d4d4d","texto_titulo_tamanho":18,"texto_titulo_tamanho_mobile":16,"texto_cronometro_cor":"#000000","texto_cronometro_tamanho":38,"texto_cronometro_tamanho_mobile":38,"texto_cronometro_baixo_tamanho":12,"texto_cronometro_baixo_tamanho_mobile":12}},"cronometro_clean_mVLBpq":{"type":"cronometro-clean","settings":{"cronometro_clean_em_todos":true,"texto_cronometro_cor":"#2a555a","texto_cronometro_tamanho":16,"texto_cronometro_tamanho_mobile":16,"cronometro_clean_alinhamento":"center"}},"48c4c23d-da48-45ff-a40c-b5ddb6bb73ad":{"type":"whatsapp-button","disabled":true,"settings":{"whatsapp_enable_full_width":false,"whatsapp_enable_full_width_btn":false,"whatsapp_btn_size":438,"whats_left_center":"center","whatsapp-button-text":"Compra vía WhatsApp","whatsapp-button-color-primary":"#00c3ee","whatsapp-button-color-secondary":"#ffffff","whatsapp-phone-ddi":"55","whatsapp-phone-text":"00000000000","new_tab_whatsapp":true,"descwhats":"Me gustó [nombreproducto] en [enlaceproducto], deseo más información."}},"description":{"type":"description","settings":{}},"bloco_gif_NGAx6U":{"type":"bloco-gif","disabled":true,"settings":{"bloco_gif":"shopify:\/\/shop_images\/LOGO_CORDIA_180px40px_PRETO_PNG_1.png"}}},"block_order":["frase_em_destaque_6BzKg7","ad47a715-3d6f-4251-b112-4ad0e0a97843","random_people_9kzf6b","9c00b4ed-c8e9-4608-b412-0eff6dead13a","title","77e3d48a-96d3-4ca6-b045-b46cebf33b2a","caption","price","oferta_especial_HnTyHd","beneficios_do_produto_RDpyEC","entrega_estimada_icones_RDWkc9","dea5f00f-4fc2-4543-aef4-c6b0f7993b58","variant_picker","d3448721-d147-4172-8100-bb4af9feca8c","buy_buttons","beneficios_icones_bpKJTN","afeaabe6-6f35-4a15-b9aa-a9533bc1c0d1","cronometro_XNRVtW","cronometro_clean_mVLBpq","48c4c23d-da48-45ff-a40c-b5ddb6bb73ad","description","bloco_gif_NGAx6U"],"settings":{"enable_sticky_info":true,"media_size":"small","constrain_to_viewport":true,"media_fit":"contain","gallery_layout":"thumbnail_slider","media_position":"left","image_zoom":"lightbox","mobile_thumbnails":"show","hide_variants":true,"enable_video_looping":false,"padding_top":36,"padding_bottom":12,"enable_floating_btn":true,"floating_btn_bg":"#ffffff","floating_btn_height_desktop":114,"floating_btn_height_mobile":75,"floating_btn_img_border_color":"rgba(0,0,0,0)","floating_btn_img_size_desktop":88,"floating_btn_img_size_mobile":50,"floating_btn_item_title_color":"#000000","floating_btn_item_title_size_desktop":10,"floating_btn_item_title_size_mobile":14,"floating_btn_enable_ryviu":true,"floating_btn_compare_price_color":"#121212","floating_btn_item_compare_price_size_desktop":17,"floating_btn_item_compare_price_size_mobile":13,"floating_btn_price_color":"#115c39","floating_btn_item_price_size_desktop":16,"floating_btn_item_price_size_mobile":13,"floating_btn_cart_text":"Agregar al carrito","floating_btn_cart_text_color":"#ffffff","floating_btn_cart_size_desktop":250,"floating_btn_cart_size_mobile":140,"floating_btn_cart_text_size_desktop":16,"floating_btn_cart_text_size_mobile":13,"floating_btn_cart_bg":"#ffb500","floating_btn_cart_border_color":"#ffb500","floating_btn_cart_icon_color":"#ffffff","floating_btn_cart_icon_load_color":"#ffffff","floating_btn_variants_bg":"#ffffff","floating_btn_variants_font_size_desktop":14,"floating_btn_variants_font_size_mobile":12,"floating_btn_variants_title_color":"#000000","floating_btn_variants_stock_color":"#115c39","floating_btn_variants_left_color":"#dc3545","floating_btn_variants_titles_hover":"#2a555a","floating_btn_variants_scroll":"rgba(0,0,0,0)","enable_product_notification_popup":true,"product_notification_popup_range_tempo_carregamento":3,"product_notification_popup_range_tempo_exibicao":10,"product_notification_popup_range_tempo_exibicao_intervalo":25,"product_notification_popup_range_tempo_horas":24,"product_notification_popup_position":"rodape-esquerda","product_notification_popup_position_mobile":"topo","product_notification_popup_txt_alguem":"Alguien en","product_notification_popup_places":"Santiago, Valparaíso, Viña del Mar, Concepción, La Serena, Antofagasta, Temuco, Iquique, Rancagua, Punta Arenas","product_notification_popup_txt_adicionou":"Compró","product_notification_popup_txt_ha":"hace","product_notification_popup_txt_horas":"horas","product_notification_popup_txt_color":"#000000","product_notification_popup_txt_size":13,"product_notification_popup_txt_size_mobile":13,"enable_product_video":true,"pv_border_color":"#000000","pv_size":100,"pv_text_size":0,"pv_description":"VÍDEO DEL PRODUCTO","pv_description_color":"#ffffff","pv_description_bg":"#000000","pv_description_width":170,"pv_description_time":8,"pv_progress_bar_bg":"#000000","pv_progress_bar_color":"#ffffff","pv_close_btn_bg":"#000000","pv_close_btn_color":"#ffffff","pv_product_infos_colors":"#ffffff","pv_whatsapp_title":"¿Dudas?","pv_whatsapp_title_color":"#ffffff","pv_whatsapp_bg":"#ffffff","pv_whatsapp_color":"#000000","pv_whatsapp-phone-ddi":"55","pv_whatsapp-phone-text":"66999999999","pv_descwhats":"Me gustó este producto [linkproduto], ¡me gustaría más información!","pv_overlay_bg":"#000000"}},"7c5f38dc-6a28-4582-b29e-562666252e9f":{"type":"faq","blocks":{"template--16172991283360__7c5f38dc-6a28-4582-b29e-562666252e9f-box-1":{"type":"box","settings":{"pergunta":"¿Qué métodos de pago aceptan?","resposta":"<p>Solo aceptamos pago en efectivo al momento de recibir tu pedido.<\/p>"}},"template--16172991283360__7c5f38dc-6a28-4582-b29e-562666252e9f-box-2":{"type":"box","settings":{"pergunta":"¿Puedo pagar con tarjeta de crédito o débito?","resposta":"<p>Lamentablemente por el momento no contamos con esos método de pago, pero pronto tendremos más actualizaciones para ti.<\/p>"}},"template--16172991283360__7c5f38dc-6a28-4582-b29e-562666252e9f-box-3":{"type":"box","settings":{"pergunta":"¿Hay algún costo adicional por el servicio de contra entrega?","resposta":"<p>No existe ningún costo adicional, el envió es completamente gratis.<\/p>"}},"template--16172991283360__7c5f38dc-6a28-4582-b29e-562666252e9f-box-4":{"type":"box","settings":{"pergunta":"¿Qué debo hacer si no estoy en casa cuando se entrega el producto?","resposta":"<p>No se preocupe, el día en que se realizará la entrega, recibirá una llamada o mensaje por parte del repartidor que llevará a cabo la entrega. Si no puede recibir ese día, se realizará otro intento.<\/p>"}},"template--16172991283360__7c5f38dc-6a28-4582-b29e-562666252e9f-box-5":{"type":"box","settings":{"pergunta":"¿Todos los productos vienen con garantía?","resposta":"<p>Si, todos nuestros productos tienen garantía de satisfacción por defectos de fábrica.<\/p>"}},"template--16172991283360__7c5f38dc-6a28-4582-b29e-562666252e9f-box-6":{"type":"box","settings":{"pergunta":"Si no estoy satisfecho con mi compra, ¿puedo devolverla?","resposta":"<p>Si, debes comunicarse por nuestro E-mail para ayudarte a gestionar tu garantía.<\/p>"}},"template--16172991283360__7c5f38dc-6a28-4582-b29e-562666252e9f-box-7":{"type":"box","settings":{"pergunta":"¿Cuánto tiempo tarda generalmente la entrega?","resposta":"<p>El tiempo de entrega promedio es de 2 a 7 días útiles, dependiendo de la ciudad de la que nos haces tu pedido.<\/p>"}},"template--16172991283360__7c5f38dc-6a28-4582-b29e-562666252e9f-box-8":{"type":"box","settings":{"pergunta":"¿Puedo rastrear mi pedido en tiempo real?","resposta":"<p>Si, enviaremos un código de seguimiento de tu pedido al correo una vez enviado tu pedido.<\/p>"}},"template--16172991283360__7c5f38dc-6a28-4582-b29e-562666252e9f-box-9":{"type":"box","settings":{"pergunta":"¿Qué pasa si mi pedido llega fuera del plazo estipulado?","resposta":"<p>Puede escribirnos a nuestro E-mail y te ayudaremos a gestionar tu pedido.<\/p>"}}},"block_order":["template--16172991283360__7c5f38dc-6a28-4582-b29e-562666252e9f-box-1","template--16172991283360__7c5f38dc-6a28-4582-b29e-562666252e9f-box-2","template--16172991283360__7c5f38dc-6a28-4582-b29e-562666252e9f-box-3","template--16172991283360__7c5f38dc-6a28-4582-b29e-562666252e9f-box-4","template--16172991283360__7c5f38dc-6a28-4582-b29e-562666252e9f-box-5","template--16172991283360__7c5f38dc-6a28-4582-b29e-562666252e9f-box-6","template--16172991283360__7c5f38dc-6a28-4582-b29e-562666252e9f-box-7","template--16172991283360__7c5f38dc-6a28-4582-b29e-562666252e9f-box-8","template--16172991283360__7c5f38dc-6a28-4582-b29e-562666252e9f-box-9"],"settings":{"title_faq":"FAQ","text_faq":"","color_title_alignment":"claro","background_color":"#ffffff","bg_color_line_enable":true,"bg_color_line":"#2a555a","ancora":"#âncora"}},"related-products":{"type":"related-products","settings":{"heading":"También te puede interesar","heading_size":"h2","products_to_show":4,"columns_desktop":4,"color_scheme":"background-1","image_ratio":"square","image_shape":"default","show_secondary_image":true,"show_vendor":false,"show_rating":false,"columns_mobile":"2","padding_top":36,"padding_bottom":28}}},"order":["main","7c5f38dc-6a28-4582-b29e-562666252e9f","related-products"]}