{"name":"t:sections.header.name","type":"header","sections":{"announcement-bar":{"type":"announcement-bar","blocks":{"announcement-bar-0":{"type":"announcement","settings":{"text":"ENVÍO GRATIS Y PAGO CONTRA ENTREGA 🇨🇴","link":""}},"60b65dff-6cee-4c02-8582-cf44197afcca":{"type":"announcement","settings":{"text":"🏡PAGAS EN CASA 🚀 ENTREGA RÁPIDA📦","link":""}}},"block_order":["announcement-bar-0","60b65dff-6cee-4c02-8582-cf44197afcca"],"custom_css":[".announcement-bar .slider-button--prev {display: none;}",".announcement-bar .slider-button--next {display: none;}"],"settings":{"color_scheme":"","show_line_separator":true,"show_social":false,"auto_rotate":true,"change_slides_speed":5,"enable_country_selector":false,"enable_language_selector":false,"enable_topbar_image":false,"img_bg":"#000000","enable_topbar_image_animation":true,"image_animation_speed_desktop":30,"image_animation_speed_mobile":15}},"header":{"type":"header","custom_css":[".header-wrapper {font-family: var(--font-heading-family);}"],"settings":{"logo_position":"middle-left","menu":"main-menu","menu_type_desktop":"dropdown","sticky_header_type":"none","show_line_separator":true,"color_scheme":"background-1","menu_color_scheme":"","habilitar_cores_personalizadas":false,"astron_cabecalho_cor_bg":"#ffffff","astron_menu_cor_bg":"#ffffff","astron_menu_cor_txt":"#000000","astron_submenu_cor_bg":"#ffffff","astron_submenu_cor_txt":"#000000","astron_submenu_cor_txt_hover":"#cccccc","astron_menu_cor_txt_hover":"#cccccc","astron_menu_cor_icones":"#000000","astron_menu_cor_carrinhobola":"#000000","astron_menu_cor_carrinhobola_txt":"#ffffff","astron_barra_pesquisa_bg":"#000000","astron_barra_pesquisa_input_bg":"#000000","astron_barra_pesquisa_input_txt":"#ffffff","astron_barra_pesquisa_input_label":"#cccccc","astron_barra_pesquisa_input_border":"#353535","astron_barra_pesquisa_input_border_hover":"#cccccc","astron_barra_pesquisa_buscar_bg":"#ffffff","astron_barra_pesquisa_buscar_bg_hover":"#f7ead5","astron_barra_pesquisa_buscar_txt":"#000000","astron_barra_pesquisa_fechar_bg":"#000000","astron_barra_pesquisa_fechar_txt":"#ffffff","astron_barra_pesquisa_fechar_border":"#000000","astron_barra_pesquisa_fechar_border_hover":"#333333","astron_barra_pesquisa_resultados_bg":"#ffffff","astron_barra_pesquisa_resultados_txt":"#000000","enable_country_selector":true,"enable_language_selector":true,"mobile_logo_position":"center","margin_bottom":0,"padding_top":20,"padding_bottom":20,"item_menu_hover":"#808080","enable_search_desktop_header":true,"enable_search_mobile":true,"border_radius_search_mobile":5,"enable_help_area":true,"help_area_title":"PRECISA DE AJUDA?","help_area_title_color":"#5e5e5e","help_area_title_bg":"#eaeaea","help_area_title_weight":"bold","help_area_whatsapp":"5511999990000","help_area_email":"","help_area_texts_colors":"#000000","help_area_icons_colors":"#040404"}}},"order":["announcement-bar","header"]}